nickname,lineage
VVZ,"['20101016_013104_es_2_VVZ', '20101016_115108_r2_15_BNT', '20101018_223016_r2_13_PPL', '20101021_224245_r2_9_QUW', '20101022_221241_r2_11_IOF', '20101026_115942_r2_12_IYH', '20101026_215643_r2_4_ILT']"
WBS,"['20101016_115108_r2_19_WBS', '20101018_223016_r2_9_PPG', '20101106_113811_r2_16_VJH']"
HMZ,"['20101016_013104_es_1_HMZ', '20101016_115108_r2_16_YAC', '20101018_223016_r2_14_ZGS', '20101021_224245_r2_10_WPX', '20101022_221241_r2_10_GHS', '20101026_115942_r2_11_BDW', '20101026_215643_r2_5_ENZ', '20101028_164638_es_9_XJX', '20101030_020041_es_5_ZLO']"
RGW,"['20101013_012655_es_16_RGW', '20101014_161103_es_12_XAZ', '20101016_013104_es_3_GGF', '20101021_224245_r2_8_KKS', '20101022_221241_r2_9_NSI', '20101026_115942_r2_21_OXT', '20101028_164638_es_1_VLW', '20101030_020041_es_7_PBA']"
YBD,"['20101022_221241_r2_17_YBD', '20101026_115942_r2_18_MPG', '20101026_215643_r2_7_QRP']"
LZV,"['20101021_224245_r2_7_LZV', '20101022_221241_r2_8_DXJ', '20101026_115942_r2_20_ICR', '20101106_113811_r2_21_RVH']"
QQZ,"['20101022_221241_r2_13_QQZ', '20101026_115942_r2_14_RNY', '20101026_215643_r2_0_TWR', '20101028_164638_es_7_IDW', '20101030_020041_es_0_IYI', '20101031_125420_r2_1_UCX', '20101031_163748_es_3_RLQ', '20101031_225047_r2_2_PJS', '20101106_113811_r2_0_CNY', '20101107_224624_r2_0_QAM', '20101113_113437_r2_4_MBD', '20101113_213143_r2_5_JZG', '20101114_224224_r2_10_MJK', '20101126_115515_r2_10_EDS', '20101203_115111_r2_15_PHV', '20101205_123328_r2_7_PIO', '20101205_223015_r2_7_MLK', '20101210_214327_r2_24_TQR', '20101212_222551_r2_16_XPM', '20101213_115908_r2_7_DKN', '20101218_225119_r2_7_NAN', '20101219_222131_r2_7_UUB', '20101225_224643_r2_9_WQU', '20101226_121957_r2_10_QRF', '20101226_221737_r2_4_BIT', '20101231_213109_r2_1_HHK', '20110101_124506_r2_3_GLJ', '20110102_121644_r2_7_ZCQ', '20110115_223419_r2_15_HBO', '20110129_222546_r2_17_TZY', '20110130_215641_r2_12_MUZ', '20110201_124137_r2_9_YAN', '20110202_121213_r2_5_XPI', '20110212_221735_r2_5_EXU', '20110213_214818_r2_5_TIS', '20110226_220853_r2_14_MKV', '20110227_214016_r2_5_BIS', '20110312_215959_r2_9_JUM', '20110326_115448_r2_7_BTX', '20110326_223829_r1_8_CPH', '20110402_214814_r2_3_WLP', '20110411_222557_r2_6_SGT', '20110416_214001_r2_6_LHC', '20110417_225009_r2_0_NOX', '20110423_113830_r2_0_YYR', '20110430_113437_r2_4_UYQ', '20110509_121203_r2_2_AOL', '20110516_120745_r2_2_QFK', '20110522_123232_r2_2_WWY', '20110531_221440_r1_2_EGP', '20110613_214830_r2_2_TVC', '20110626_121215_r2_5_IIU', '20110626_220930_r2_5_RGG', '20110704_222159_r1_0_SAC', '20110705_215244_r1_0_UOA', '20110710_120325_r2_1_UTS', '20110710_220108_r2_1_FTU', '']"
TYT,"['20101022_221241_r2_16_TYT', '20101026_115942_r2_17_DCI', '20101026_215643_r2_6_VGL']"
ZTL,"['20101022_221241_r2_15_ZTL', '20101026_115942_r2_16_HNC', '20101026_215643_r2_8_BBF', '20101031_125420_r2_3_NPF', '20101031_225047_r2_3_BOQ', '20101106_113811_r2_1_UOQ', '20101107_224624_r2_1_CKB']"
VIN,"['20101026_115942_r2_15_VIN', '20101026_215643_r2_1_GQS', '20101106_113811_r2_14_DIP', '20101107_224624_r2_6_KBY']"
YGU,"['20101113_113437_r2_3_YGU', '20101113_213143_r2_4_BNJ', '20101114_224224_r2_11_VCO', '20101126_115515_r2_14_MUK', '20101203_115111_r2_18_MID', '20101205_123328_r2_9_MTH', '20101205_223015_r2_8_AGL', '20101210_214327_r2_25_JJR', '20101212_222551_r2_17_QHX', '20101213_115908_r2_8_BNV', '20101218_225119_r2_8_MSS', '20101219_222131_r2_8_YZR', '20101225_224643_r2_10_PYL', '20101226_121957_r2_11_UQQ', '20101231_213109_r2_7_MXI', '20110101_124506_r2_8_QNS', '20110102_121644_r2_12_SKB', '20110115_223419_r2_12_VMJ']"
ZKK,"['20101126_115515_r2_15_ZKK', '20101203_115111_r2_19_NWH', '20101205_123328_r2_10_BST', '20101205_223015_r2_9_IEZ', '20101210_214327_r2_26_IPM', '20101212_222551_r2_18_REX', '20101213_115908_r2_9_AJB', '20101218_225119_r2_9_EAJ', '20101219_222131_r2_9_KCZ', '20101225_224643_r2_11_VNQ', '20101226_121957_r2_12_LSN', '20101231_213109_r2_8_SWN', '20110101_124506_r2_9_HYX', '20110102_121644_r2_13_PBN', '20110115_223419_r2_13_NOU', '', '', '', '', '', '', '', '', '', '', '', '', '', '', '', '', '', '', '', '', '', '', '', '', '', '', '', '', '', '', '', '', '', '', '', '', '', '', '', '', '', '', '', '', '', '', '', '', '', '', '', '', '', '', '', '', '', '', '', '', '', '', '', '', '', '', '', '', '', '', '', '', '', '', '', '', '', '', '', '', '', '', '', '', '', '', '', '', '', '', '', '', '', '', '', '', '', '', '', '', '', '', '', '', '', '', '', '', '', '', '', '', '', '', '', '', '', '', '', '', '', '', '', '', '', '', '', '', '', '', '', '', '', '', '', '', '', '', '', '', '', '', '', '', '', '', '', '', '', '', '', '', '', '', '', '', '', '', '', '', '', '', '', '', '', '', '', '', '', '', '', '', '', '', '', '', '', '', '', '', '', '', '', '', '', '', '', '', '', '', '', '', '', '', '', '', '', '', '', '', '', '', '', '', '', '', '', '', '', '', '', '', '', '', '', '', '', '', '', '', '', '', '', '', '', '', '', '', '', '', '', '', '', '', '', '', '', '', '', '', '', '', '', '', '', '', '', '', '', '', '', '', '', '', '', '', '', '', '', '', '', '', '', '', '', '', '', '', '', '', '', '', '', '', '', '', '', '', '', '', '', '', '', '', '', '', '']"
XPK,"['20101114_224224_r2_17_XPK', '20101126_115515_r2_6_KKY', '20101203_115111_r2_12_NBW', '20101205_123328_r2_4_BYE', '20101205_223015_r2_4_XHV']"
XUN,"['20101114_224224_r2_19_XUN', '20101126_115515_r2_8_JCQ', '20101203_115111_r2_14_ZVC', '20101205_123328_r2_6_PIX', '20101205_223015_r2_6_KFG', '20101210_214327_r2_23_RLR', '20101212_222551_r2_15_VCU', '20101213_115908_r2_6_HSK', '20101218_225119_r2_6_HBY', '20101219_222131_r2_6_PHN', '20101225_224643_r2_8_LZY', '20101226_121957_r2_9_RGC', '20101231_213109_r2_6_PKW', '20110101_124506_r2_7_KIV', '20110102_121644_r2_11_PJX', '20110115_223419_r2_11_VYX', '20110129_222546_r2_15_QFH', '20110130_215641_r2_10_AXZ', '20110201_124137_r2_7_BSM', '20110202_121213_r2_3_VPR', '20110212_221735_r2_3_RHT', '20110213_214818_r2_3_KMW', '20110226_220853_r2_12_TWX', '20110227_214016_r2_3_WGG', '20110312_220114_r2_3_TKT', '20110326_115448_r2_3_DVY', '20110326_223829_r1_7_AAI', '20110402_214814_r2_2_NUD', '20110411_222557_r2_5_RMQ', '20110416_214001_r2_5_BGP', '20110423_113830_r2_6_RIU', '20110509_121203_r2_6_ZQK', '20110516_120745_r2_6_QUA', '20110522_123232_r2_6_SGM', '20110531_221440_r1_6_LFQ', '20110613_214830_r2_5_NIW']"
KDI,"['20101114_224224_r2_18_KDI', '20101126_115515_r2_7_WTF', '20101203_115111_r2_13_JJU', '20101205_123328_r2_5_KIE', '20101205_223015_r2_5_IFZ', '20101210_214327_r2_22_RNM', '20101212_222551_r2_14_XVH', '20101213_115908_r2_5_BDT', '20101218_225119_r2_5_MNS', '20101219_222131_r2_5_UVE', '20101225_224643_r2_7_KTD', '20101226_121957_r2_8_LEC', '20101231_213109_r2_5_PWU', '20110101_124506_r2_6_XWR', '20110102_121644_r2_10_RNP', '20110115_223419_r2_10_UZN', '20110129_222546_r2_14_USB', '20110130_215641_r2_9_PMM', '20110201_124137_r2_6_AKD', '20110202_121213_r2_2_HVN', '20110212_221735_r2_2_BLH', '20110213_214818_r2_2_QHL', '20110226_220853_r2_11_RHP', '20110227_214016_r2_2_FWP', '20110312_220114_r2_2_SXV', '20110326_115448_r2_2_YVZ', '20110326_223829_r1_6_YXW', '20110402_214814_r2_1_UGN', '20110411_222557_r2_4_RHG', '20110416_214001_r2_4_CJM', '20110423_113830_r2_5_NQF', '20110509_121203_r2_5_HXR', '20110516_120745_r2_5_DDM', '20110522_123232_r2_5_YSN', '20110531_221440_r1_5_UTF', '20110613_214830_r2_4_GWY']"
MBF,"['20101210_214327_r2_19_MBF', '20101212_222551_r2_12_QTC', '20101213_115908_r2_3_XKZ', '20101218_225119_r2_3_VFA', '20101219_222131_r2_3_TLG', '20101225_224643_r2_5_LGG', '20101226_121957_r2_6_WDM', '20101226_221737_r2_3_FCP', '20110101_124506_r2_12_PHK', '20110102_121644_r2_14_FPQ', '20110115_223419_r2_14_EFP', '20110129_222546_r2_16_HOE', '20110130_215641_r2_11_RUP', '20110201_124137_r2_8_NWB', '20110202_121213_r2_4_THO', '20110212_221735_r2_4_MAX', '20110213_214818_r2_4_OYV', '20110226_220853_r2_13_KLE', '20110227_214016_r2_4_CGX', '20110312_215959_r2_8_BOS']"
MLZ,"['20101212_222551_r2_11_MLZ', '20101213_115908_r2_2_FBD', '20101218_225119_r2_2_IOP', '20101219_222131_r2_2_YEZ', '20101225_224643_r2_4_WXV', '20101226_121957_r2_5_NGL', '20101231_213109_r2_3_LEG', '20110101_124506_r2_4_MYW', '20110102_121644_r2_8_VOO', '20110115_223419_r2_8_VPI']"
MTV,"['20101218_225119_r2_4_MTV', '20101219_222131_r2_4_ILD', '20101225_224643_r2_6_KJL', '20101226_121957_r2_7_IGV', '20101231_213109_r2_4_LQS', '20110101_124506_r2_5_UCE', '20110102_121644_r2_9_QVF', '20110115_223419_r2_9_ZWF', '20110129_222546_r2_13_WCO', '20110130_215641_r2_8_TOL', '20110201_124137_r2_5_GDJ', '20110202_121213_r2_1_HBP', '20110212_221735_r2_1_NZW', '20110213_214818_r2_1_MPI', '20110226_220853_r2_10_AHU', '20110227_214016_r2_1_COV', '20110312_220114_r2_1_CEH', '20110326_115448_r2_1_ECF', '20110326_223829_r1_5_GAM', '20110402_214814_r2_0_PAT', '20110411_222557_r2_3_QRS', '20110416_214001_r2_3_RMV', '20110423_113830_r2_4_VTC', '20110509_121203_r2_4_RWM', '20110516_120745_r2_4_BNA', '20110522_123232_r2_4_OOQ', '20110531_221440_r1_4_IHY', '20110613_214830_r2_3_DVS', '20110620_114620_r2_2_QDH', '20110626_121215_r2_2_QTF', '20110626_220930_r2_2_ZOT', '20110710_120325_r2_4_WXF', '20110710_220108_r2_3_XJZ', '20110711_213143_r2_2_IJQ', '20110711_221832_r1_2_ZIY', '20110712_124528_r2_2_QOA', '20110712_224301_r2_1_OIE', '20110714_114716_r2_4_UQR']"
TYF,"['20110327_212141_r2_2_TYF', '20110402_214544_r2_0_JJK', '20110403_211656_r2_3_UQV', '20110415_220624_r2_1_LPN', '20110416_213731_r2_1_UAA', '20110418_104551_r2_4_POR', '20110423_213323_r2_4_NNZ', '20110425_104138_r2_3_KDN', '20110427_211643_r2_3_ZPE', '20110501_110641_r2_9_QPG', '20110502_103730_r2_6_QHB', '20110507_113144_r2_2_PXV', '20110512_104553_r2_11_YAJ', '20110514_212142_r2_6_XVD', '20110522_105411_r2_8_VVG', '20110526_103709_r2_8_IDV', '20110528_111915_r2_5_SYH', '20110529_105006_r2_5_KJV', '20110602_211359_r1_1_VEF', '20110605_212601_r1_0_PXU', '20110613_214601_r2_0_UKS', '20110614_211643_r2_0_OEH', '20110617_212913_r2_0_TQN', '20110626_220700_r2_0_PWN', '20110627_213733_r2_0_WJK', '20110628_215454_r1_0_MBF', '20110705_215129_r1_0_KUK', '20110706_212243_r1_0_RLH', '20110707_214552_r2_1_VZD', '20110710_215838_r2_1_CZT', '20110711_212913_r2_1_AAO', '20110712_110643_r2_1_WIO', '20110712_214722_r1_2_PKC', '20110713_103714_r2_1_GYP', '20110715_111852_r2_2_UDA', '20110715_215949_r1_2_XQY', '20110716_105001_r2_2_OGF', '20110718_212452_r2_2_SGS', '20110719_110234_r2_2_TVT', '20110720_220738_r2_2_SPX', '20110727_220219_r2_1_HVC', '20110728_213325_r2_0_LNA', '20110729_111055_r2_1_HZG', '20110729_215125_r1_0_WAM', '20110731_214555_r2_13_IWY', '20110801_112254_r2_0_RQC', '20110801_220339_r1_0_KEP', '20110802_105414_r2_0_OLR', '20110803_215806_r2_0_HHD', '20110805_110647_r2_0_BPD', '20110805_214707_r1_0_UPL', '20110806_103702_r2_0_MBJ', '20110807_214145_r2_0_GVB', '20110808_215944_r1_0_SRF', '20110809_105006_r2_0_JVJ', '20110809_213017_r1_0_HJX', '20110811_212446_r2_0_VHQ', '20110814_213734_r2_4_ZRS', '20110815_111509_r2_0_AUL', '20110815_215532_r1_0_OZL', '20110816_104535_r2_0_UDZ', '20110816_212615_r1_0_GQO', '20110818_112739_r2_1_EIA', '20110818_220822_r1_1_KDB', '20110819_213851_r1_1_WWR', '20110821_213330_r2_1_WRI', '20110822_111054_r2_1_HKB', '20110822_215133_r1_1_ZGS', '20110825_112311_r2_1_EGS', '20110906_220722_r2_0_CCY', '20110909_104627_r2_0_SHY', '20110910_214948_r2_0_UNT', '20110913_220219_r2_0_RZK', '20110920_215845_r2_0_AFU', '20110922_110725_r2_0_TPB', '20110923_221109_r2_0_AOY', '20110924_214236_r2_0_ZCR', '20110925_215913_r1_0_JDA', '20110928_212557_r2_0_MUJ', '20111001_213827_r2_0_VST', '20111002_111541_r2_0_EKR', '20111003_104622_r2_0_ZHY', '20111005_112729_r2_0_DVC', '20111005_212123_r2_0_RCV', '20111006_105831_r2_0_EYI', '20111007_220319_r2_0_IGZ', '20111008_213417_r2_0_WVT', '20111009_111040_r2_0_MQF', '20111010_104146_r2_0_SNO', '20111012_112350_r2_0_PHI', '20111012_211652_r2_0_IZD', '20111016_110652_r2_0_UVF', '20111017_221109_r2_0_XAW', '20111019_215952_r1_0_FTY', '20111020_213109_r1_0_PQW', '20111022_113211_r2_1_SKU', '20111022_212519_r2_1_MZB', '20111023_110315_r2_0_UHD', '20111023_214316_r1_0_JYT', '20111024_211333_r1_0_WLP', '20111025_213752_r2_0_ZYW', '20111026_111541_r2_0_IGE', '20111026_215523_r1_1_VUS', '20111027_212554_r1_0_ZRC', '20111028_215033_r2_0_FND', '20111029_112756_r2_0_QQO', '20111029_212127_r2_0_GDL', '20111029_220814_r1_0_ISU', '20111030_105831_r2_0_RVP', '20111030_213930_r1_0_EZQ', '20111031_220321_r2_0_QQW', '20111101_213417_r2_0_XTS', '20111102_111059_r2_0_OVO', '20111103_104148_r2_0_PXZ', '20111105_112313_r2_1_WFM', '20111106_105402_r2_0_IKI', '20111108_212907_r2_0_CBC', '20111109_110648_r2_0_RHK', '20111109_214715_r1_0_PEI', '20111110_103721_r2_0_AYE', '20111110_211749_r1_0_IWK', '20111110_221119_r2_0_KTU', '20111111_214228_r2_1_JQG', '20111112_111952_r2_0_IZW', '20111112_215942_r1_0_XQV', '20111113_105006_r2_0_TAK', '20111113_213025_r1_0_KQU', '20111116_110242_r2_0_IAS', '20111116_214257_r1_0_LNS', '20111117_211433_r1_0_VAN', '20111117_220720_r2_0_AIE', '20111118_213813_r2_0_KSH', '20111119_111512_r2_1_SNT', '20111119_215522_r1_0_ZKF', '20111120_104556_r2_0_EHD', '20111120_212610_r1_0_IFI', '20111121_215051_r2_0_VRS', '20111122_112743_r2_0_GSP', '20111122_212118_r2_0_RTR', '20111123_105832_r2_0_BIS', '20111124_220323_r2_0_GKB', '20111125_213329_r2_2_QTM', '20111126_111100_r2_2_UPX', '20111127_104143_r2_1_RSD', '20111128_214547_r2_1_RMU', '20111129_112326_r2_1_KTJ', '20111129_211712_r2_0_LTT', '20111130_105417_r2_0_WHP', '20111203_110653_r2_2_GQP', '20111204_103735_r2_2_KAX', '20111204_211746_r1_3_GBJ', '20111204_221108_r2_0_WKT', '20111206_111923_r2_1_ZIT', '20111207_105006_r2_0_OCE', '20111210_110242_r2_1_QZA', '20111213_111542_r2_2_PGJ', '20111214_104558_r2_1_MMC', '20111214_212555_r1_0_UWR', '20111217_105831_r2_2_SHP', '20111218_220240_r2_5_RMH', '20111220_111132_r2_0_YRI', '20111221_104145_r2_1_RPV', '20111224_105412_r2_0_NXB', '20111225_215841_r2_3_BGM', '20111227_110652_r2_5_EMU', '20111228_103739_r2_3_YYH', '20111228_211822_r1_0_VZG', '20111229_214149_r2_0_OLG', '20111230_111924_r2_0_AEG', '20111231_105010_r2_0_ATS', '20111231_213059_r1_0_KWF', '20120101_215440_r2_0_HHX', '20120102_212455_r2_1_YRD', '20120103_110253_r2_0_AIN', '20120106_111525_r2_1_UEB', '20120107_104614_r2_1_ALT', '20120108_215016_r2_3_BJQ', '20120110_105845_r2_3_BMV', '20120113_111115_r2_0_BOH', '20120114_104145_r2_0_CFO', '20120115_214600_r2_1_UWD', '20120116_112312_r2_5_OZP', '20120117_105407_r2_0_SPB', '20120119_212905_r2_2_UHS', '20120120_110645_r2_2_KHB', '20120121_103738_r2_2_IVL', '20120122_214135_r2_2_XVL', '20120123_111901_r2_4_JTM', '20120124_105003_r2_4_DZB', '20120127_110231_r2_6_MOK', '20120128_220709_r2_3_KNH', '20120129_213725_r2_1_AFU', '20120131_104546_r2_1_TJT', '20120204_220309_r2_1_WWG', '20120205_213341_r2_1_BKN', '20120207_104146_r2_3_ICJ', '20120210_105416_r2_3_IHD', '20120211_215856_r2_2_DFI', '20120212_212914_r2_3_QZX', '20120214_103735_r2_2_RWF', '20120217_105006_r2_2_OCT', '20120219_212458_r2_7_BMJ', '20120224_104604_r2_2_EMW', '20120225_215016_r2_2_YRC', '20120226_112725_r2_2_EJF', '20120226_212051_r2_1_WUW', '20120228_220328_r2_0_HYK', '20120229_213407_r2_0_YWH', '20120304_112309_r2_1_QHJ', '20120304_211658_r2_1_DEX', '20120305_105419_r2_1_XPM', '20120309_103742_r2_2_IRO', '20120311_111901_r2_1_HVZ', '20120312_105008_r2_3_CPM', '20120317_213804_r2_0_YBN', '20120318_111448_r2_0_XAK', '20120331_212939_r2_2_GTC', '20120401_110623_r2_2_TJA', '20120407_212531_r2_2_HPM', '20120408_110212_r2_2_FLL', '20120412_104533_r2_2_KHQ', '20120413_215030_r2_3_XIS', '20120414_112716_r2_1_ELR', '20120414_212121_r2_1_IJC', '20120415_105802_r2_1_WWU', '20120419_104117_r2_1_XFP', '20120421_112309_r2_1_BDG', '20120422_105353_r2_1_TPW', '20120427_214148_r2_6_OHB', '20120428_111857_r2_1_CXJ', '20120429_104943_r2_1_TPX', '20120502_110245_r2_1_RZN', '20120505_111513_r2_2_UBS', '20120506_104614_r2_2_HEL', '20120508_212121_r2_0_OMD', '20120512_111103_r2_4_BTV', '20120513_104151_r2_5_ZOT', '20120515_211652_r2_3_ZLF', '20120516_105434_r2_3_LEY', '20120518_212856_r2_1_JIE', '20120519_110657_r2_1_XIL', '20120520_103751_r2_1_VTR', '20120520_221124_r2_0_OKC', '20120523_105024_r2_0_BHQ', '20120525_212538_r2_0_BBP', '20120527_220715_r2_0_YAB', '20120530_104609_r2_4_ADQ', '20120602_105832_r2_0_KLF', '20120603_220247_r2_4_GKW', '20120606_104146_r2_4_PHU', '20120608_211658_r2_4_MFV', '20120609_105419_r2_4_GVX', '20120610_215859_r2_1_QOR', '20120611_212906_r2_4_LCR', '20120613_103737_r2_4_SAE', '20120614_214237_r2_0_GQG', '20120616_105008_r2_0_AEH', '20120619_110242_r2_0_ZCQ', '20120623_104556_r2_0_TZL', '20120624_215011_r2_0_IFF', '20120625_112738_r2_0_XNV', '20120626_105830_r2_3_QQW', '20120630_104146_r2_0_UCE', '20120701_214556_r2_1_ODH', '20120702_112332_r2_1_GDK', '20120702_211647_r2_7_CIP', '20120703_105418_r2_7_XJZ', '20120705_212917_r2_7_GEZ', '20120706_110651_r2_6_ZIQ', '20120707_103735_r2_6_ECM', '20120707_221059_r2_0_KYA', '20120708_214211_r2_0_SSQ', '20120709_111924_r2_0_EYJ', '20120712_212546_r2_0_WQK', '20120713_110243_r2_0_AAV', '20120714_220711_r2_0_UXS', '20120715_213736_r2_1_UYM', '20120716_111452_r2_0_UPX', '20120717_104556_r2_0_GZN', '20120718_215052_r2_0_IUL', '20120719_112715_r2_0_PPT', '20120720_105830_r2_0_XQE', '20120722_213350_r2_0_DBM', '20120723_111100_r2_0_CNN', '20120724_104150_r2_0_XNU', '20120725_214557_r2_0_UIV', '20120726_112311_r2_0_RRS', '20120727_105419_r2_0_KAZ', '20120728_215855_r2_0_SGS', '20120729_212925_r2_0_WTB', '20120730_110648_r2_0_DTE', '20120731_103734_r2_0_IHF', '20120801_214237_r2_0_BHK', '20120802_111955_r2_0_EYR', '20120803_104930_r2_0_ANF', '20120805_113135_r2_1_TCC', '20120806_110258_r2_0_CUE', '20120807_220712_r2_1_QHV', '20120809_111445_r2_1_ZLZ', '20120810_104518_r2_0_JVS', '20120812_112746_r2_2_LJZ', '20120813_105826_r2_0_TKW']"
LOC,"['20110402_214544_r2_1_LOC', '20110403_211656_r2_4_GGB', '20110415_220624_r2_0_DDX', '20110416_213731_r2_0_LLD', '20110418_104551_r2_3_MCB', '20110423_213323_r2_3_QQE', '20110425_104138_r2_2_BHC', '20110427_211643_r2_2_JTT', '20110501_110641_r2_8_HVE', '20110502_103730_r2_5_GOM', '20110512_104553_r2_15_JXT', '20110514_212142_r2_10_WMM', '20110522_105411_r2_12_MSY', '20110526_103709_r2_10_TRJ', '20110528_111915_r2_7_TAL', '20110529_105006_r2_7_MYF', '20110602_211359_r1_2_UXO', '20110605_212601_r1_1_OPJ', '20110613_214601_r2_1_SEU', '20110614_211643_r2_1_KMQ', '20110617_212913_r2_1_NDA', '20110626_220700_r2_1_GEA', '20110627_213733_r2_1_MKI', '20110628_215454_r1_1_DKU', '20110705_215129_r1_1_MSU', '20110706_212243_r1_1_OXA', '20110707_214552_r2_0_FJV', '20110710_215838_r2_0_BXC', '20110711_212913_r2_0_HIF', '20110712_110643_r2_0_ZQA', '20110712_214722_r1_0_FOF']"
CWT,"['20110710_120325_r2_6_CWT', '20110710_220108_r2_5_QKP']"
FHE,"['20110710_120325_r2_7_FHE', '20110710_220108_r2_6_JKE']"
NRW,"['20110710_120325_r2_5_NRW', '20110710_220108_r2_4_CJI']"
DSL,"['20110724_214503_r2_1_DSL', '20110725_211535_r2_1_NAU', '20110726_100909_r1_1_MXT', '20110727_094038_r1_11_CAI']"
SBK,"['20110726_213437_r1_8_SBK', '20110727_094038_r1_9_HUY']"
MJY,"['20111125_213329_r2_3_MJY', '20111126_111100_r2_3_GVL', '20111127_104143_r2_2_OAI', '20111128_214547_r2_2_NGH']"
SWX,"['20111204_211746_r1_2_SWX', '20111205_214053_r2_2_OYA', '20111207_105006_r2_2_PVU', '20111210_110242_r2_3_GIJ', '20111211_103320_r2_1_UTQ']"
UKL,"['20111204_211746_r1_4_UKL', '20111205_214053_r2_3_ALY', '20111207_105006_r2_3_FTO', '20111210_110242_r2_4_FDL', '20111211_103320_r2_2_JDC', '20111212_213648_r2_3_QSS', '20111213_111542_r2_0_KIE', '20111214_104558_r2_0_YGP', '20111217_105831_r2_1_ILJ', '20111218_102917_r2_0_DBT', '20111218_220240_r2_0_GVZ', '20111220_111132_r2_1_IZS', '20111221_104145_r2_2_FRC', '20111224_105412_r2_1_KOC', '20111225_102507_r2_0_URZ', '20111225_215841_r2_0_WBR', '20111227_110652_r2_2_XMS', '20111228_103739_r2_0_VVY', '20111229_214149_r2_1_BJS', '20111231_105010_r2_1_DEI', '20120102_212455_r2_4_ICZ', '20120103_110253_r2_3_WCI']"
NIZ,"['20111204_221223_r2_3_NIZ', '20111206_111923_r2_0_YCA', '20111210_110242_r2_0_SLN', '20111211_220808_r2_5_LOK', '20111216_112743_r2_1_COH', '20111217_105831_r2_0_IGK', '20111218_220346_r2_4_PAF', '20111219_114025_r2_0_EJA', '20111223_112333_r2_2_QSS', '20111225_215927_r2_0_LCO', '20111227_110652_r2_0_ZZD', '20111230_111924_r2_1_AKB']"
YMB,"['20111211_103320_r2_3_YMB', '20111213_111542_r2_3_CVW']"
ZFI,"['20111210_110242_r2_2_ZFI', '20111211_103320_r2_0_GEP', '20111212_213648_r2_1_EFD', '20111214_104558_r2_2_CRC', '20111214_212555_r1_1_QJB', '20111217_105831_r2_3_AMY', '20111218_102917_r2_1_RHY']"
YUA,"['20111217_105831_r2_6_YUA', '20111218_102917_r2_3_KSB', '20111218_220240_r2_3_AOH', '20111220_111132_r2_2_BXP', '20111221_104145_r2_3_QTF', '20111224_105412_r2_2_ZAI']"
ZDN,"['20120415_105916_r2_2_ZDN', '20120416_102911_r2_2_ABG', '20120417_213332_r2_0_DHR', '20120419_104232_r2_0_VFQ', '20120421_211634_r2_2_KRT', '20120422_105507_r2_2_BCG', '20120423_102550_r2_2_DIY', '20120424_212839_r2_2_RPY', '20120427_214148_r2_1_MWD', '20120429_105057_r2_1_LPC', '20120503_103343_r2_1_AFG', '20120506_104614_r2_5_JTV', '20120508_212007_r2_3_EAW', '20120510_102929_r2_0_IRZ', '20120512_111103_r2_0_QOJ', '20120513_104151_r2_0_ZHB', '20120515_211652_r2_0_LOC', '20120516_105434_r2_0_RYH', '20120517_102518_r2_0_HXS', '20120519_110657_r2_2_DMS', '20120520_103751_r2_2_DHF', '20120523_105024_r2_3_CVD', '20120527_103338_r2_1_EKG', '20120530_104609_r2_1_QVK', '20120603_102916_r2_1_CDD', '20120603_220247_r2_1_RZC', '20120606_104146_r2_1_YBC', '20120608_211658_r2_1_QQO', '20120609_105419_r2_1_CIF', '20120610_102515_r2_0_ZDB', '20120611_212906_r2_0_MKD', '20120613_103737_r2_0_SCT', '20120614_214159_r2_0_IYZ', '20120616_105008_r2_3_MZM', '20120617_215422_r2_2_VIA', '20120620_103325_r2_2_EOJ', '20120623_104556_r2_2_PBU', '20120624_215011_r2_2_EFD', '20120626_105830_r2_6_IRX', '20120627_102915_r2_5_BTB', '20120630_104146_r2_1_LBL', '20120701_214556_r2_2_CLP', '20120702_211647_r2_0_CUH', '20120703_105418_r2_0_SDO', '20120704_102505_r2_0_ZHE', '20120705_212917_r2_0_TEI', '20120706_110651_r2_0_YEQ', '20120707_103735_r2_0_MNP', '20120708_214056_r2_2_FQA', '20120711_215421_r2_2_GOL', '20120712_212431_r2_1_DSN', '20120713_110243_r2_2_LXI', '20120714_103323_r2_1_GOO', '20120715_213736_r2_3_DRO', '20120717_104556_r2_3_LXH', '20120718_214937_r2_3_IBA', '20120720_105830_r2_3_SOP', '20120721_102911_r2_0_QAU', '20120722_213235_r2_0_CHQ', '20120723_111100_r2_1_ZHM', '20120724_104150_r2_1_YYP', '20120725_214557_r2_1_SHP', '20120727_105419_r2_1_MQG']"
OUR,"['20120415_105916_r2_4_OUR', '20120416_102911_r2_4_OJM', '20120417_213332_r2_2_YBK', '20120421_211634_r2_1_ROO', '20120422_105507_r2_1_SQD', '20120423_102550_r2_5_KEF', '20120424_212839_r2_4_JIY', '20120427_214148_r2_3_DWT', '20120429_105057_r2_2_FFP', '20120503_103343_r2_2_STV', '20120506_104614_r2_6_DBO', '20120508_212007_r2_4_ZOX', '20120510_102929_r2_1_UUP', '20120512_111103_r2_1_HZT', '20120513_104151_r2_1_IEP', '20120515_211652_r2_1_DKP', '20120516_105434_r2_2_ZPY', '20120517_102518_r2_2_VOT', '20120519_110657_r2_3_DUO', '20120520_103751_r2_3_GNL', '20120523_105024_r2_4_ADH', '20120527_103338_r2_2_YCO', '20120530_104609_r2_2_PUI', '20120603_102916_r2_2_BGM', '20120603_220247_r2_2_EHI', '20120606_104146_r2_2_XZT', '20120608_211658_r2_2_VIB', '20120609_105419_r2_2_BVO', '20120610_102515_r2_1_EQL', '20120611_212906_r2_1_GMV', '20120613_103737_r2_1_XRW', '20120614_214159_r2_1_QBK', '20120616_105008_r2_4_TNF', '20120617_215422_r2_3_VMM', '20120620_103325_r2_3_QQL', '20120623_104556_r2_3_AXJ', '20120624_215011_r2_3_WRU', '20120626_105830_r2_1_BEO', '20120627_102915_r2_1_QTM', '20120630_104146_r2_5_YME', '20120701_214556_r2_6_YCV', '20120702_211647_r2_4_YQI', '20120703_105418_r2_4_KPW', '20120704_102505_r2_4_ZKN', '20120705_212917_r2_4_RMS']"
WTD,"['20120627_102915_r2_2_WTD', '20120630_104146_r2_4_YJH']"
KYV,"['20120706_110651_r2_8_KYV', '20120707_103735_r2_9_MCL', '20120707_221059_r2_1_IPL', '20120708_214211_r2_1_COR', '20120709_111924_r2_2_SYD', '20120711_215421_r2_6_SAI', '20120712_212546_r2_1_ZSC', '20120713_110243_r2_7_RCL', '20120714_220711_r2_1_VRD', '20120715_213736_r2_7_WII', '20120716_111452_r2_1_WZD', '20120717_104556_r2_7_NUS', '20120718_214937_r2_7_RFD', '20120719_112715_r2_1_MIQ', '20120720_105830_r2_7_AXF', '20120722_213350_r2_1_HUF', '20120723_111100_r2_4_VGH', '20120726_112311_r2_1_IAM', '20120727_105419_r2_5_YCF', '20120728_215855_r2_1_FDB', '20120729_212925_r2_5_XEZ', '20120730_110648_r2_5_LXT', '20120731_103734_r2_6_AAT']"
FQX,"['20120711_215421_r2_4_FQX', '20120712_212431_r2_3_SGZ', '20120713_110243_r2_4_GBJ', '20120714_103323_r2_3_UTC', '20120715_213736_r2_5_UHO', '20120717_104556_r2_5_MVE', '20120718_214937_r2_5_HVB', '20120720_105830_r2_5_XFF', '20120721_102911_r2_2_FDM', '20120722_213235_r2_2_SYY', '20120723_111100_r2_2_UNZ', '20120724_104150_r2_2_BRU']"
AKP,"['20120722_213235_r2_3_AKP', '20120723_111100_r2_3_ZSV', '20120724_104150_r2_3_KRO']"
QOW,"['20120728_215740_r2_4_QOW', '20120729_212925_r2_4_UOB', '20120730_110648_r2_4_WSF', '20120731_103734_r2_4_TBR']"
BCQ,"['20120728_215740_r2_6_BCQ', '20120729_212807_r2_1_JZT', '20120731_103849_r2_1_MBF', '20120803_105045_r2_0_YSJ', '20120804_102101_r2_1_AFU', '20120806_110258_r2_2_DEH', '20120807_103418_r2_0_DRQ']"
MIB,"['20120821_215913_r2_0_MIB', '20120824_221204_r2_0_MTU', '20120825_114808_r2_0_CVR', '20120902_111451_r2_2_UFM', '20120904_115657_r2_0_FBY', '20120906_223300_r2_3_CRR', '20120908_113956_r2_0_CFA']"
THX,"['20120824_221050_r2_0_THX', '20120826_112001_r2_0_RKJ', '20120827_105005_r2_1_VEK']"
BOR,"['20120909_111056_r2_1_BOR', '20120916_110648_r2_1_YAZ', '20120923_110236_r2_1_NJM', '20121006_112310_r2_0_WXV', '20121007_105423_r2_0_JDV', '20121014_105012_r2_1_NDE', '20121018_220725_r2_0_DLI', '20121023_112721_r2_2_PVG', '20121024_105834_r2_1_GVI', '20121027_111042_r2_1_ACF']"
QON,"['20120909_111056_r2_7_QON', '20120916_110648_r2_6_VUO', '20120923_110236_r2_5_ZVI']"
WOC,"['20120909_111056_r2_0_WOC', '20120916_110648_r2_0_KRM', '20120923_110236_r2_0_KTK']"
NLJ,"['20121028_122028_r2_12_NLJ', '20121028_221758_r2_11_UQX', '20121029_115112_r2_12_SBQ', '20121030_220705_r1_8_HZA', '20121031_123259_r2_6_QHN', '20121031_213655_r1_5_WLI', '20121031_223020_r2_4_TNT', '20121102_113453_r2_3_YQP', '20121102_221935_r1_3_GLI', '20121103_215024_r1_6_ZLU', '20121104_121632_r2_5_VAJ', '20121104_221404_r2_5_FYG', '20121105_114705_r2_5_UHD', '20121108_115948_r2_5_JGF']"
OGG,"['20121031_213540_r1_1_OGG', '20121031_222905_r2_1_DKM', '20121102_113607_r2_0_BOU', '20121102_221705_r1_0_WGN', '20121103_110655_r2_0_CAC', '20121106_111926_r2_2_CVF', '20121109_113156_r2_0_TZJ', '20121110_110245_r2_0_MJQ', '20121111_220715_r2_6_IQW', '20121118_220357_r2_4_HOU', '20121119_213454_r2_1_ZHE', '20121120_111101_r2_0_LMW', '20121122_115246_r2_0_YAK', '20121123_112333_r2_0_NKY', '20121125_215932_r2_0_ZDF', '20121126_113605_r2_0_HPA', '20121127_110654_r2_0_PUD', '20121128_221227_r2_0_EMW', '20121129_114836_r2_0_FAE', '20121130_111923_r2_0_OJR', '20121201_222437_r2_0_CXV', '20121202_215539_r2_6_FHL', '20121203_113156_r2_0_VMN', '20121204_110244_r2_6_OQD', '20121207_111516_r2_6_BCV', '20121208_222027_r2_0_GJN', '20121209_115635_r2_0_XWE', '20121210_112746_r2_0_IVP', '20121214_111102_r2_0_OYA', '20121216_115233_r2_0_BQU', '20121216_214632_r2_0_EGQ', '20121222_221123_r2_1_RTM', '20121224_111902_r2_2_CBG', '20121230_213820_r2_6_DYJ', '20121231_111450_r2_6_HFA', '20130105_220308_r2_12_DXC', '20130106_114013_r2_4_YGA', '20130106_213356_r2_4_GIJ', '20130107_111108_r2_4_UVM', '20130113_113551_r2_4_EGG', '20130114_110652_r2_5_ELN', '20130120_113156_r2_5_EWE', '20130121_110245_r2_2_EQT', '20130122_220814_r2_2_EKP', '20130124_111457_r2_5_KGH', '20130126_115609_r2_5_KJO', '20130126_215126_r2_5_JSP', '20130127_112718_r2_5_FXZ', '20130202_115202_r2_5_RII', '20130210_111858_r2_7_ZCQ', '20130216_114403_r2_6_BAO', '20130216_213818_r2_6_VLW', '20130217_111503_r2_6_RLV', '20130224_111038_r2_9_KSY', '20130302_113540_r2_6_JSV', '20130303_110646_r2_14_IRA', '20130309_113134_r2_7_CVK', '20130310_110239_r2_10_OTG', '20130316_112720_r2_4_SBN', '20130321_221629_r2_5_OZL', '20130323_112310_r2_5_MZF', '20130324_222908_r2_5_NMX', '20130328_221220_r2_5_OMC', '20130330_111923_r2_5_VUZ', '20130331_222437_r2_5_CTE', '20130405_213802_r2_8_QAL', '20130406_111505_r2_12_EOQ', '20130407_222028_r2_5_DXQ', '20130413_111102_r2_12_WHM', '20130414_221618_r2_6_AMD', '20130420_110648_r2_6_GEA', '20130421_221217_r2_5_FCG', '20130427_110235_r2_9_GIA', '20130428_220711_r2_8_SRQ', '20130505_220305_r2_9_UED', '20130511_222850_r2_5_RGE', '20130512_215857_r2_5_XUB', '20130518_222439_r2_5_SZA', '20130519_215535_r2_6_HSR', '20130523_213856_r2_5_ZHN', '20130525_222005_r2_5_AEZ', '20130526_115646_r2_5_AAK', '20130526_215038_r2_5_UYR', '20130601_221549_r2_8_THL', '20130602_115224_r2_5_DFS', '20130602_214711_r2_5_KAT', '20130603_112307_r2_5_BTW', '20130607_110651_r2_6_DRI', '20130608_221210_r2_5_FGZ', '20130609_114815_r2_5_ABE', '20130609_214239_r2_5_IPX', '20130610_111922_r2_5_CLC', '20130614_110243_r2_11_XQQ', '20130615_220711_r2_10_TGZ', '20130616_114408_r2_2_KQS', '20130616_213830_r2_4_LYY', '20130622_220305_r2_11_VPW', '20130623_113955_r2_6_GCX', '20130623_213402_r2_5_JJD', '20130624_111053_r2_5_JWP', '20130630_113544_r2_7_CYM', '20130701_110651_r2_5_PUW', '20130703_114806_r2_5_WDQ', '20130703_214213_r2_5_CWU', '20130704_111859_r2_5_FEW', '20130707_113121_r2_9_RBY', '20130708_110243_r2_8_PGR', '20130710_114357_r2_2_UTA', '20130710_213803_r2_2_IDI', '20130711_111450_r2_2_EQG', '20130712_222022_r2_2_EFD', '20130713_115626_r2_3_QEB', '20130713_215050_r2_2_PAL', '20130714_112722_r2_2_RHE', '20130716_220251_r2_6_WKC', '20130717_113949_r2_5_ZJL', '20130717_213404_r2_6_FJJ', '20130718_111038_r2_6_YYJ', '20130719_221537_r2_7_ITA', '20130720_115220_r2_7_RCS', '20130720_214704_r2_6_NXR', '20130721_112307_r2_6_EDD']"
FPI,"['20121116_212116_r2_1_FPI', '20121118_111740_r1_2_DHW']"
YVI,"['20121116_212116_r2_0_YVI', '20121118_111740_r1_1_JFT', '20121118_220243_r2_1_NML', '20121119_213339_r2_1_KNA', '20121120_111101_r2_2_KCB', '20121123_112333_r2_2_IRK', '20121125_215852_r2_0_AKL', '20121127_110654_r2_4_VEB', '20121127_214709_r1_0_SOQ', '20121130_111923_r2_6_PSA', '20121201_105010_r2_0_IFB', '20121202_215424_r2_4_ADF', '20121203_212457_r2_4_WBA', '20121204_110244_r2_4_FJR', '20121205_103326_r2_4_ISX', '20121207_111516_r2_4_FOI', '20121214_111102_r2_14_UNU', '20121222_221123_r2_11_OQL', '20121224_111902_r2_11_HOP', '20121230_213705_r2_3_DDA', '20121231_111605_r2_2_ZCJ', '20130104_105835_r2_2_XWW', '20130105_220308_r2_0_MAF', '20130106_213356_r2_7_YFT', '20130107_111108_r2_7_EBU', '20130114_110652_r2_8_HNC', '20130121_110245_r2_7_AZD', '20130122_103316_r2_2_DWL', '20130124_111457_r2_8_VGE', '20130126_215011_r2_2_NAJ', '20130128_105837_r2_5_WSG', '20130204_105421_r2_4_ABK', '20130210_112016_r2_2_QED', '20130211_105012_r2_5_XJN', '20130216_213703_r2_4_KWD', '20130217_111503_r2_12_VPM', '20130218_104555_r2_5_NFJ', '20130221_105829_r2_5_VNQ', '20130224_111151_r2_2_ENO', '20130225_104146_r2_2_ZEI', '20130302_212916_r2_0_IRU', '20130303_110646_r2_6_EQP', '20130304_103742_r2_2_OZQ', '20130309_212503_r2_0_STO', '20130310_110239_r2_3_JVE', '20130311_103413_r2_0_SCD', '20130314_104641_r2_0_QKK', '20130316_212052_r2_0_VIF', '20130317_105829_r2_0_YXK', '20130321_104232_r2_0_XDP', '20130324_105419_r2_5_JFC', '20130328_103815_r2_2_VUO', '20130330_111923_r2_7_LPJ', '20130331_105008_r2_3_WXJ', '20130404_103412_r2_3_DVQ', '20130405_213802_r2_1_OSY', '20130406_111505_r2_1_HSM', '20130407_104557_r2_0_ETM', '20130410_105907_r2_0_WQO', '20130413_111102_r2_2_PIZ', '20130414_104145_r2_0_WOY', '20130420_110648_r2_8_HMZ', '20130421_103735_r2_0_SPC', '20130421_221132_r2_0_QVG', '20130424_105055_r2_1_VEH', '20130427_110235_r2_0_QOT', '20130428_103407_r2_0_LBP', '20130428_220711_r2_0_LHZ', '20130501_104607_r2_1_CVF', '20130503_212112_r2_0_GAU', '20130504_105825_r2_0_JMW', '20130505_220305_r2_3_NML', '20130508_104226_r2_0_GXD', '20130509_214620_r2_0_HKR', '20130511_105415_r2_1_DSF', '20130512_215857_r2_6_CRU', '20130513_212941_r2_2_HWC', '20130515_103746_r2_0_QNW', '20130519_215420_r2_3_AQK', '20130520_212530_r2_1_FEV', '20130522_103319_r2_0_SIL', '20130523_213741_r2_0_BNY', '20130525_104556_r2_0_CRB', '20130526_214924_r2_0_IWE', '20130527_212107_r2_3_XRD', '20130601_104139_r2_5_UEI', '20130602_214557_r2_6_ZOJ', '20130603_112422_r2_0_UHY', '20130604_105419_r2_0_GPC', '20130606_212841_r2_1_DAT', '20130608_103736_r2_1_YGS', '20130608_221055_r2_0_MPD', '20130609_214158_r2_0_SYB', '20130610_111922_r2_7_GPA', '20130611_105007_r2_1_HOT', '20130612_215421_r2_0_QFX', '20130613_212431_r2_0_WLO', '20130614_110243_r2_4_YIO', '20130615_103321_r2_0_CHG', '20130615_220711_r2_0_QPP', '20130616_213715_r2_0_KWW', '20130618_104556_r2_1_QAI', '20130620_212028_r2_0_LYY', '20130621_105828_r2_4_RKS', '20130622_220305_r2_4_FMK', '20130623_213247_r2_0_QIW', '20130624_111053_r2_10_TVX', '20130625_104145_r2_4_KKN', '20130628_105419_r2_4_CQV', '20130701_110651_r2_11_SLD', '20130702_103740_r2_1_LYH', '20130703_214213_r2_6_HJL', '20130704_112014_r2_0_DTF', '20130705_105010_r2_0_WLT', '20130706_215421_r2_0_UVU', '20130707_212506_r2_3_MLE', '20130708_110243_r2_3_MQW', '20130710_213803_r2_9_DCO', '20130711_111450_r2_9_YSR', '20130712_104601_r2_5_VDR', '20130713_214930_r2_2_YQW', '20130714_212059_r2_4_NAF', '20130715_105832_r2_4_XML', '20130716_220251_r2_4_TZF', '20130717_213245_r2_0_KAE', '20130718_111153_r2_0_ILO', '20130719_104145_r2_0_HZV', '20130720_214516_r2_0_XHP', '20130721_112422_r2_0_FTG', '20130723_215830_r2_0_URH', '20130724_212908_r2_2_MZQ', '20130725_110650_r2_3_HWX', '20130726_103734_r2_0_OUU', '20130726_221106_r2_0_PPO', '20130727_214105_r2_0_JBU', '20130728_112004_r2_0_IOD', '20130729_105010_r2_1_GRJ', '20130730_215421_r2_0_VYF', '20130731_212513_r2_2_HXX', '20130801_110307_r2_2_SAT', '20130802_103314_r2_0_ENJ', '20130802_220711_r2_0_ZXA', '20130804_111601_r2_0_WNY', '20130805_104627_r2_0_UJU', '20130806_214930_r2_1_RWX', '20130808_105858_r2_2_RBI']"
ZSD,"['20121119_213339_r2_4_ZSD', '20121120_111101_r2_5_MGH', '20121125_215852_r2_4_JLK', '20121127_110654_r2_10_WWG', '20121127_214709_r1_5_QSK', '20121130_111923_r2_10_URO', '20121201_105010_r2_4_ATN', '20121202_215424_r2_3_OEM', '20121203_212457_r2_3_QIA', '20121204_110244_r2_3_WUA', '20121205_103326_r2_3_MES', '20121207_111516_r2_3_TFS', '20121214_111102_r2_13_LWC', '20121224_111902_r2_14_UBY', '20121230_213705_r2_6_KOT', '20121231_111605_r2_4_UYS', '20130104_105835_r2_11_PBD', '20130105_220308_r2_8_QYN', '20130106_213356_r2_14_ICL', '20130107_111108_r2_14_AGL', '20130114_110652_r2_19_EDR']"
XND,"['20121119_213339_r2_3_XND', '20121120_111101_r2_4_BNU', '20121123_112333_r2_3_KZO', '20121125_215852_r2_1_WAJ', '20121127_110654_r2_5_BRF', '20121127_214709_r1_1_MKL', '20121130_111923_r2_7_VMQ', '20121201_105010_r2_1_QKS', '20121202_215424_r2_2_OXZ', '20121203_212457_r2_2_ECV', '20121204_110244_r2_2_LME', '20121205_103326_r2_2_GJP', '20121207_111516_r2_2_MSS', '20121214_111102_r2_12_HJC', '20121216_214632_r2_12_IZI', '20121222_221123_r2_0_RYI', '20121224_111902_r2_1_PZS', '20121230_213705_r2_2_MUN', '20121231_111450_r2_12_CBQ', '20130104_105835_r2_9_GDR', '20130105_220308_r2_6_BJC', '20130106_213356_r2_12_VMR', '20130107_111108_r2_12_FTJ', '20130114_110652_r2_14_UNM', '20130121_110245_r2_8_AKJ', '20130122_103316_r2_3_KGV', '20130124_111457_r2_9_PVZ', '20130126_215011_r2_3_HUJ', '20130128_105837_r2_6_PNY', '20130204_105421_r2_5_MSS', '20130211_105012_r2_6_WRR', '20130216_213703_r2_5_DEC', '20130217_111503_r2_13_FPA', '20130218_104555_r2_6_YBX', '20130221_105829_r2_7_PFQ', '20130224_111151_r2_3_RVU', '20130225_104146_r2_3_RHJ', '20130302_212916_r2_4_KPH', '20130303_110646_r2_10_IQN', '20130304_103742_r2_6_JKB', '20130309_212503_r2_4_LHB', '20130310_110239_r2_7_TLI', '20130311_103413_r2_4_FUM', '20130314_104641_r2_4_MHQ', '20130316_212052_r2_4_XFJ', '20130317_105829_r2_4_UPA', '20130321_104232_r2_4_DAF', '20130323_112310_r2_6_UGA', '20130324_105419_r2_2_WZG', '20130328_103815_r2_1_GTO', '20130330_111923_r2_6_BXM', '20130331_105008_r2_2_QLS', '20130404_103412_r2_2_YRJ', '20130405_213802_r2_0_CDI', '20130406_111505_r2_0_FUP', '20130407_104557_r2_4_MTQ', '20130410_105907_r2_4_HQZ', '20130413_111102_r2_4_YAP', '20130414_104145_r2_4_ATJ', '20130420_110648_r2_12_ETA', '20130421_103735_r2_4_NUU', '20130421_221132_r2_1_HTL', '20130424_105055_r2_2_BOB', '20130427_110235_r2_1_UDP', '20130428_103407_r2_1_OZV', '20130428_220711_r2_1_EVD', '20130501_104607_r2_2_WSV', '20130503_212112_r2_1_IMC', '20130504_105825_r2_1_QBU', '20130505_220305_r2_4_LDK', '20130508_104226_r2_1_YHH', '20130509_214620_r2_1_DFE', '20130511_105415_r2_2_NWN', '20130512_215857_r2_7_GFV', '20130513_212941_r2_3_TLM', '20130515_103746_r2_1_HIG', '20130519_215420_r2_4_KYX', '20130520_212530_r2_2_PSI', '20130522_103319_r2_1_VGC', '20130523_213741_r2_1_TAY', '20130525_104556_r2_1_JRV', '20130526_215038_r2_6_VYL', '20130527_212107_r2_1_ECE', '20130601_104139_r2_3_UPM', '20130602_214557_r2_5_RVL', '20130603_112307_r2_10_ZKN', '20130604_105419_r2_4_VYM', '20130606_212841_r2_2_NFA', '20130608_103736_r2_2_DMW', '20130608_221055_r2_1_SBH', '20130609_214158_r2_1_SLK', '20130610_111922_r2_8_KTG', '20130611_105007_r2_2_SSC', '20130613_212431_r2_4_KGN', '20130614_110243_r2_8_WKA', '20130615_103321_r2_4_KEK', '20130615_220711_r2_3_QHY', '20130616_213715_r2_3_PCV', '20130618_104556_r2_4_QPY', '20130620_212028_r2_3_UKY', '20130621_105828_r2_7_WVG', '20130622_220305_r2_5_KKF', '20130623_213247_r2_1_IBW', '20130624_111053_r2_11_QFH', '20130625_104145_r2_5_TEE', '20130628_105419_r2_5_JCW']"
CUK,"['20121120_111101_r2_1_CUK', '20121125_215852_r2_2_QPE', '20121127_110654_r2_6_UNT', '20121127_214709_r1_2_ECQ', '20121130_111923_r2_8_IHO', '20121201_105010_r2_2_RDX', '20121202_215424_r2_0_CEA', '20121203_212457_r2_0_IAO', '20121204_110244_r2_0_RNF', '20121205_103326_r2_0_XAG', '20121207_111516_r2_0_LXF', '20121214_111102_r2_10_JTL', '20121216_214513_r2_0_XSE', '20121224_112017_r2_0_LBS', '20121230_213705_r2_0_MXA', '20121231_111605_r2_0_VSD', '20130104_105835_r2_0_OUV', '20130105_220153_r2_0_MGW', '20130106_213242_r2_0_JYB', '20130107_111108_r2_15_APT', '20130114_110652_r2_11_JWF', '20130117_112019_r2_1_JZR', '20130121_110245_r2_6_ZMQ', '20130122_103316_r2_1_GZO', '20130124_111457_r2_7_LDP', '20130126_215011_r2_1_TWH', '20130128_105837_r2_4_HFL', '20130204_105421_r2_3_DRV', '20130210_112016_r2_1_THR', '20130211_105012_r2_4_RDE', '20130216_213703_r2_3_SHH', '20130217_111503_r2_11_HXG', '20130218_104555_r2_4_CPM', '20130221_105829_r2_4_OCC', '20130224_111151_r2_1_VNS', '20130225_104146_r2_1_GGJ', '20130302_212916_r2_1_UEX', '20130303_110646_r2_7_RSR', '20130304_103742_r2_3_EBQ', '20130309_212503_r2_1_PFT', '20130310_110239_r2_4_VAW', '20130311_103413_r2_1_LRZ', '20130314_104641_r2_1_IJY', '20130316_212052_r2_1_SHA', '20130317_105829_r2_1_LTK', '20130321_104232_r2_1_LPS', '20130324_105419_r2_6_OTL', '20130328_103815_r2_3_GCV', '20130330_111923_r2_8_ABP', '20130331_105008_r2_4_FXV', '20130404_103412_r2_4_OZV', '20130405_213647_r2_1_CKB', '20130406_111505_r2_2_GTR', '20130407_104557_r2_1_JNL', '20130410_105907_r2_1_PTS', '20130411_103005_r2_0_SAE', '20130413_111102_r2_0_QRR', '20130414_104145_r2_1_QPA', '20130420_110648_r2_9_XMS', '20130421_103735_r2_1_ULD', '20130424_105055_r2_3_FCW', '20130427_110235_r2_2_YHD', '20130428_103407_r2_2_OZN', '20130428_220711_r2_2_FLI', '20130501_104607_r2_3_GSL', '20130503_212112_r2_2_ACB', '20130504_105825_r2_2_SCX', '20130508_104226_r2_3_YTB', '20130509_214620_r2_2_ZIU', '20130511_105415_r2_3_CSQ', '20130513_212826_r2_3_QUS', '20130515_103746_r2_4_EAR', '20130516_214055_r2_3_UZG', '20130519_215420_r2_1_DXS', '20130520_212415_r2_1_OCT', '20130522_103319_r2_3_PEU', '20130523_213741_r2_3_QII', '20130525_104556_r2_3_UVF', '20130526_214924_r2_2_TJA', '20130527_212107_r2_5_QAW', '20130529_102914_r2_1_AKI', '20130601_104139_r2_1_IIF', '20130602_214557_r2_4_RCF', '20130604_105419_r2_6_XFF', '20130606_212841_r2_3_WUS', '20130608_103736_r2_3_QHI', '20130609_214158_r2_5_GPJ', '20130610_111922_r2_11_MCQ', '20130611_105007_r2_5_OBO', '20130612_215421_r2_1_MSO', '20130613_212431_r2_1_KPF', '20130614_110243_r2_5_MVC', '20130615_103321_r2_1_XWB', '20130615_220711_r2_1_ILC', '20130616_213715_r2_1_RDC', '20130618_104556_r2_2_DQW', '20130620_212028_r2_1_CBL', '20130621_105828_r2_5_JCB', '20130622_102916_r2_0_CCN', '20130622_220150_r2_0_GAC', '20130623_213247_r2_2_PIO', '20130624_111053_r2_12_ILP', '20130625_104145_r2_6_WAY', '20130628_105419_r2_6_LDR', '20130701_110651_r2_12_QHY', '20130702_103740_r2_2_AFS', '20130703_214100_r2_1_MXQ', '20130704_112014_r2_1_GWO', '20130705_105010_r2_1_NOY', '20130706_215421_r2_1_RPP', '20130707_212506_r2_4_QCY', '20130708_110243_r2_4_JWJ', '20130710_213649_r2_0_NGJ', '20130711_111609_r2_0_VQD', '20130712_104601_r2_0_PDS', '20130713_214930_r2_0_OXJ', '20130714_212059_r2_2_WLM', '20130715_105832_r2_2_TTU', '20130716_102915_r2_0_RYX', '20130716_220251_r2_0_ITI', '20130717_213245_r2_1_UJU', '20130718_111153_r2_1_MRO', '20130719_104145_r2_1_ULU', '20130720_214516_r2_1_HCZ', '20130723_215830_r2_3_LGE', '20130724_212908_r2_3_VCM', '20130725_110650_r2_4_AYB', '20130726_103734_r2_1_OHM', '20130727_214105_r2_1_EPJ', '20130728_112004_r2_1_ZEG', '20130729_105010_r2_2_VER', '20130730_215421_r2_1_SCL', '20130731_212513_r2_3_XJG', '20130801_110307_r2_3_LVG', '20130802_103314_r2_1_PST', '20130802_220711_r2_1_GDW', '20130804_111601_r2_1_NQX', '20130805_104627_r2_1_HAE', '20130806_214930_r2_2_NSU', '20130808_105858_r2_3_CSL', '20130809_103007_r2_0_SKA', '20130809_220230_r2_0_MMM']"
SHV,"['20121231_111605_r2_1_SHV', '20130104_105835_r2_1_DYN', '20130105_220153_r2_1_DDE', '20130106_213242_r2_2_PYW', '20130107_111108_r2_17_WRM', '20130114_110652_r2_9_HZK', '20130117_112019_r2_0_OPH', '20130121_110245_r2_5_HRI', '20130122_103316_r2_0_WIG', '20130124_111457_r2_6_XWF', '20130126_215011_r2_0_FAF', '20130128_105837_r2_3_ZQI', '20130204_105421_r2_2_RAW', '20130210_112016_r2_0_ACR', '20130211_105012_r2_3_SWA', '20130216_213703_r2_2_HDW', '20130217_111503_r2_10_ZLB', '20130218_104555_r2_3_MFG', '20130221_105829_r2_3_TBT', '20130224_111151_r2_0_VIX', '20130225_104146_r2_0_RUS', '20130302_212916_r2_2_GUK', '20130303_110646_r2_8_CND', '20130304_103742_r2_4_ZER', '20130309_212503_r2_2_RAS', '20130310_110239_r2_5_EUM', '20130311_103413_r2_2_AAG', '20130314_104641_r2_2_FBL', '20130316_212052_r2_2_EVG', '20130317_105829_r2_2_HUJ', '20130321_104232_r2_2_MAY', '20130324_105419_r2_7_SDS', '20130328_103815_r2_4_GSZ', '20130330_111923_r2_9_VDA', '20130331_105008_r2_5_QQX', '20130404_103412_r2_5_FEW', '20130405_213647_r2_2_BIY', '20130406_111505_r2_3_IPC', '20130407_104557_r2_2_LZQ', '20130410_105907_r2_2_IFG', '20130413_111102_r2_3_FEP', '20130414_104145_r2_2_VFP', '20130420_110648_r2_10_ZVC', '20130421_103735_r2_2_WXC', '20130424_105055_r2_4_QSZ', '20130427_110235_r2_3_SDT', '20130428_103407_r2_3_KIE', '20130428_220711_r2_3_TTN', '20130501_104607_r2_4_ICR', '20130503_212112_r2_3_ZVB', '20130504_105825_r2_3_DAL', '20130508_104226_r2_4_FFI', '20130509_214620_r2_3_KKX', '20130511_105415_r2_4_RDN', '20130513_212826_r2_4_PZX', '20130515_103746_r2_5_RRX', '20130516_214055_r2_4_BOU', '20130519_215420_r2_2_GXQ', '20130520_212415_r2_2_DSP', '20130522_103319_r2_4_TAF', '20130523_213741_r2_4_IGW', '20130525_104556_r2_4_YDS', '20130526_214924_r2_3_YLN', '20130527_212107_r2_6_FIN', '20130601_104139_r2_6_KLI', '20130602_214557_r2_7_QBA', '20130604_105419_r2_7_VTE', '20130606_212841_r2_4_EZI', '20130608_103736_r2_4_QDX', '20130609_214158_r2_6_ZMO', '20130610_111922_r2_12_HQU', '20130611_105007_r2_6_WGK', '20130612_215421_r2_2_PGQ', '20130613_212431_r2_2_PJF', '20130614_110243_r2_6_RLM', '20130615_103321_r2_2_LFO', '20130615_220711_r2_2_MQR', '20130616_213715_r2_2_MIF', '20130618_104556_r2_3_YWW', '20130620_212028_r2_2_OCO', '20130621_105828_r2_6_FNZ', '20130622_220150_r2_2_WFK', '20130623_213247_r2_4_TWK', '20130624_111053_r2_14_BKG', '20130625_104145_r2_8_UWN', '20130628_105419_r2_8_JWS', '20130701_110651_r2_13_PGM', '20130702_103740_r2_3_LOY', '20130703_214100_r2_2_XVN', '20130704_112014_r2_2_YIM', '20130705_105010_r2_2_BLE', '20130706_215421_r2_2_TIG', '20130707_212506_r2_5_IVU', '20130708_110243_r2_5_NWD']"
UTZ,"['20130314_104641_r2_3_UTZ', '20130316_212052_r2_3_GVJ', '20130317_105829_r2_3_VWB', '20130321_104232_r2_3_TMP', '20130324_105419_r2_8_HDS', '20130328_103815_r2_5_XFS', '20130331_105008_r2_8_EFX', '20130404_103412_r2_6_PEY', '20130405_213647_r2_3_RRT', '20130406_111505_r2_4_GAN', '20130407_104557_r2_3_ENF', '20130410_105907_r2_3_HLU', '20130411_103005_r2_1_CIP', '20130413_111102_r2_1_MSI', '20130414_104145_r2_3_DRJ', '20130420_110648_r2_11_OWM', '20130421_103735_r2_3_JZE', '20130424_105055_r2_5_UHO', '20130427_110235_r2_4_XQR', '20130428_103407_r2_4_NHH', '20130501_104607_r2_6_XZU', '20130503_212112_r2_5_LRW', '20130504_105825_r2_5_EYO', '20130505_220150_r2_0_DNM', '20130508_104226_r2_2_EQW', '20130509_214505_r2_1_XAE', '20130510_211600_r2_0_KKB', '20130511_105415_r2_0_YCZ', '20130512_102505_r2_0_ERN', '20130512_215737_r2_0_XMA', '20130513_212826_r2_0_CEA', '20130515_103746_r2_2_GRR', '20130516_214055_r2_2_LSF', '20130519_215420_r2_0_SQA', '20130520_212415_r2_0_KDS', '20130522_103319_r2_2_IUQ', '20130523_213741_r2_2_KBZ', '20130525_104556_r2_2_DSZ', '20130526_214924_r2_1_LSE', '20130527_212107_r2_4_TWK', '20130529_102914_r2_0_TUN', '20130601_104139_r2_0_PBY', '20130602_214557_r2_3_ZTW', '20130604_105419_r2_5_TOD', '20130605_102601_r2_0_TUW', '20130606_212841_r2_0_EGI', '20130608_103736_r2_0_OIJ', '20130609_214158_r2_4_UHP', '20130611_105007_r2_8_PCZ', '20130612_215421_r2_3_ROL', '20130613_212431_r2_3_PGB', '20130614_110243_r2_7_DSN', '20130615_103321_r2_3_CYA', '20130616_213715_r2_7_EMV', '20130618_104556_r2_8_SIC', '20130620_212028_r2_4_WRW', '20130621_105828_r2_8_FZS', '20130622_102916_r2_1_HCJ', '20130622_220150_r2_1_UNQ', '20130623_213247_r2_3_BQJ', '20130624_111053_r2_13_BLG', '20130625_104145_r2_7_MST', '20130628_105419_r2_7_PKT', '20130629_102511_r2_0_KRS', '20130701_110651_r2_7_XLG', '20130702_103740_r2_0_XDV', '20130703_214100_r2_0_EMO', '20130705_105010_r2_6_HCW', '20130706_215421_r2_6_FWO']"
NWT,"['20130717_113835_r2_1_NWT', '20130717_213518_r2_1_KCJ', '20130718_124930_r2_4_RUE', '20130718_224725_r2_3_DMK', '20130719_122021_r2_3_ZEX', '20130719_221806_r2_3_HYN', '20130720_115106_r2_2_DPI']"
YFG,['20101106_113811_r2_18_YFG']
QYB,['20111129_211557_r2_0_QYB']
DTQ,['20120627_102915_r2_3_DTQ']
EQD,['20120819_211649_r2_1_EQD']
EMX,['20120813_105941_r2_0_EMX']
NSX,['20120909_111056_r2_4_NSX']
DYX,['20120909_111056_r2_5_DYX']
BMZ,['20120909_111056_r2_8_BMZ']
QWO,['20120909_111056_r2_6_QWO']
BPY,['20120923_110236_r2_8_BPY']
ZUP,['20101026_115942_r2_22_ZUP']
WNT,['20101106_113811_r2_22_WNT']
HSD,"['20120626_105830_r2_5_HSD', '20120627_102915_r2_4_RNV', '20120630_104146_r2_2_VNQ', '20120701_214556_r2_3_WUD', '20120702_211647_r2_1_HHX', '20120703_105418_r2_1_DLO', '20120704_102505_r2_1_ZWI', '20120705_212917_r2_1_MJV', '20120706_110651_r2_7_JNL', '20120707_103735_r2_7_YDG', '20120708_214056_r2_7_IAL', '20120711_215421_r2_5_GEO']"
VQQ,['20120923_110236_r2_9_VQQ']
DDO,['20130114_110652_r2_12_DDO']
UHW,['20130114_110652_r2_18_UHW']
IIJ,"['20120918_114628_r2_14_IIJ', '20120918_214439_r2_14_GYG', '20120919_211515_r2_13_NHH', '20120920_122719_r2_66_JMM', '20120920_204622_r2_51_DVQ', '20120921_115804_r2_50_LZD', '20120921_215744_r2_19_UJO', '20120922_130952_r2_14_DBO', '20120922_212737_r2_13_ZUE', '20120923_205859_r2_16_BHS', '20120926_215855_r1_13_CGL', '20120930_123604_r2_8_MRS', '20120930_214216_r1_24_VPS', '20121007_205054_r2_22_SKR', '20121009_113321_r2_3_UZK', '20121014_122749_r2_3_TKD', '20121014_204649_r2_4_ZOV', '20121021_122339_r2_0_FJN', '20121021_212910_r1_9_LBW', '20121028_203803_r2_0_EWE', '20121103_215024_r1_19_OTK', '20121104_121517_r2_9_BGE', '20121110_124018_r2_11_EMQ', '20121111_121107_r2_11_KGS', '20121118_120653_r2_10_OWK', '20121125_220204_r2_8_XBW', '20121202_115829_r2_8_IKR', '20121202_215654_r2_15_WVF', '20121209_215312_r2_10_QFY', '20121216_115007_r2_8_LIX', '20121216_214909_r2_8_ZOX', '20121223_214523_r2_4_SVB', '20121229_121118_r2_4_YLT', '20130105_220620_r2_0_GKP', '20130106_213629_r2_1_ZNF', '20130113_113326_r2_0_QPH', '20130120_130948_r2_6_UVK', '20130120_212803_r2_6_JOY', '20130127_130546_r2_7_SRY', '20130204_123212_r2_8_OOQ', '20130205_120309_r2_9_YVO', '20130216_214040_r2_10_UFP', '20130217_125235_r2_11_BHA', '20130309_130856_r2_3_WIO', '20130309_212832_r2_3_ZCD', '20130310_124043_r2_3_GQM', '20130310_205845_r2_3_YCW', '20130312_214029_r2_6_URF', '20130316_130501_r2_2_THH', '20130317_123556_r2_3_HIX', '20130317_205503_r2_3_NMO', '20130323_130115_r2_3_LCH', '20130324_123127_r2_0_OFL', '20130324_205051_r2_3_LDQ', '20130326_213204_r2_9_PQR', '20130330_125702_r2_3_MNT', '20130331_122758_r2_3_BYX', '20130331_204641_r2_3_QPM', '20130403_123937_r2_0_QRR', '20130405_214032_r2_10_VEE', '20130406_211113_r2_6_IHD', '20130407_204233_r2_8_PSL', '20130409_112514_r2_4_OEU', '20130409_130448_r2_3_ITA', '20130411_220618_r2_0_TJR', '20130414_121915_r2_0_DEK', '20130414_203826_r2_0_RCA', '20130416_130136_r2_3_EHG', '20130417_123216_r2_3_SXF', '20130420_124421_r2_3_SFD', '20130421_121505_r2_3_LBD', '20130421_203409_r2_3_RBU', '20130423_125721_r2_7_DXA', '20130424_122805_r2_7_JMQ', '20130427_123958_r2_6_NMC', '20130428_203006_r2_5_ILD', '20130501_122259_r2_2_AKI', '20130505_120654_r2_6_SKX', '20130505_220535_r2_12_JHI', '20130508_121847_r2_0_XVS', '20130512_120247_r2_0_VKX', '20130512_202140_r2_0_DXW', '20130512_220124_r2_6_EEF', '20130515_121440_r2_0_JCK', '20130519_115840_r2_6_DJB', '20130519_201732_r2_0_EUF', '20130519_215651_r2_11_GJH', '20130522_121029_r2_1_VBK', '20130526_115422_r2_5_RZQ', '20130526_201322_r2_0_OXG', '20130526_215310_r2_5_EPY', '20130529_120623_r2_2_UVI', '20130601_121949_r2_8_KLJ', '20130602_115011_r2_5_VEX', '20130602_214908_r2_5_VLM', '20130609_114600_r2_5_AIV', '20130609_214508_r2_6_CBC', '20130610_211512_r2_5_DZI', '20130616_214050_r2_6_JBW', '20130622_220538_r2_8_HHJ', '20130623_213636_r2_7_LZY', '20130630_213210_r2_12_VRF', '20130706_215737_r2_5_EWG', '20130707_212832_r2_6_QDG']"
IBK,"['20120918_114628_r2_13_IBK', '20120918_214439_r2_13_OHF', '20120919_211515_r2_12_ZIQ', '20120920_122719_r2_65_NCK', '20120920_204622_r2_50_VXI', '20120921_115804_r2_49_MSU', '20120921_215744_r2_18_MVX', '20120922_130952_r2_13_UBA', '20120922_212737_r2_12_LZW', '20120923_205859_r2_15_KOP', '20120926_215855_r1_12_XMD', '20120930_123604_r2_7_DOJ', '20120930_214216_r1_23_MYP', '20121007_205054_r2_27_MEZ', '20121009_113321_r2_5_TUE', '20121014_122749_r2_4_LVO', '20121014_204649_r2_5_GND', '20121021_122339_r2_1_CGS', '20121021_212910_r1_10_CBI', '20121028_203803_r2_1_BQS', '20121103_215024_r1_20_TXX', '20121104_121517_r2_10_MKA', '20121110_124018_r2_12_GDL', '20121111_121107_r2_12_DAZ', '20121118_120653_r2_11_ORD', '20121125_220204_r2_9_FJO', '20121202_115829_r2_9_LPW', '20121202_215654_r2_16_HQH', '20121209_215312_r2_11_BZZ', '20121216_115007_r2_9_QFA', '20121216_214909_r2_9_CJF', '20121223_214523_r2_5_LIQ', '20121229_121118_r2_5_TPW', '20130105_220620_r2_1_OLT', '20130106_213629_r2_2_WZD', '20130113_113326_r2_1_ZEZ', '20130120_130948_r2_7_MYQ', '20130120_212803_r2_7_JHL', '20130127_130546_r2_8_FZG', '20130204_123212_r2_9_PSU', '20130205_120309_r2_10_QVB', '20130216_214040_r2_11_XNX', '20130217_125235_r2_12_AYK', '20130309_130856_r2_4_OMJ', '20130309_212832_r2_4_AHR', '20130310_124043_r2_4_HQZ', '20130310_205845_r2_4_CCO', '20130312_214029_r2_7_MBF', '20130316_130501_r2_3_LYD', '20130317_123556_r2_4_DED', '20130317_205503_r2_4_BZR', '20130323_130115_r2_4_YGU', '20130324_123127_r2_1_BSA', '20130324_205051_r2_4_WIC', '20130326_213204_r2_10_ORV', '20130330_125702_r2_4_IJD', '20130331_122758_r2_4_XUH', '20130331_204641_r2_4_ABX', '20130403_123937_r2_1_RBW', '20130405_214032_r2_11_QQG', '20130406_211113_r2_7_TFD', '20130407_204233_r2_9_PIA', '20130409_112514_r2_5_BVA', '20130409_130448_r2_4_JQD', '20130411_220618_r2_1_BVQ', '20130414_121915_r2_1_NMU', '20130414_203826_r2_1_VAG', '20130416_130136_r2_4_ZLW', '20130417_123216_r2_4_TUA', '20130420_124421_r2_4_SSP', '20130421_121505_r2_4_ZLE', '20130421_203409_r2_4_ZLR', '20130423_125721_r2_8_ALW', '20130424_122805_r2_8_QVP', '20130427_123958_r2_7_YOK', '20130428_203006_r2_6_LDO', '20130501_122259_r2_3_OQD', '20130505_120654_r2_7_ZKZ', '20130505_220535_r2_13_NPX', '20130508_121847_r2_1_AYC', '20130512_120247_r2_1_PKA', '20130512_202140_r2_1_LEJ', '20130512_220124_r2_7_NDY', '20130515_121440_r2_1_XJU', '20130519_115840_r2_7_CNO', '20130519_201732_r2_1_NDD', '20130519_215651_r2_12_JNZ', '20130522_121029_r2_2_JPI', '20130526_115422_r2_6_XME', '20130526_201322_r2_1_BIZ', '20130526_215310_r2_6_YQX', '20130529_120623_r2_3_AHW', '20130601_121949_r2_9_RLU', '20130602_115011_r2_6_JMM', '20130602_214908_r2_6_XQE', '20130609_114600_r2_6_GCB', '20130609_214508_r2_7_QGA', '20130610_211512_r2_6_BTI', '20130616_214050_r2_7_YHW', '20130622_220538_r2_9_AOG', '20130623_213636_r2_8_YYU', '20130630_213210_r2_13_AML', '20130706_215737_r2_6_PST', '20130707_212832_r2_7_THV']"
TYE,"['20120930_214216_r1_20_TYE', '20121004_212457_r1_16_KUV', '20121004_221755_r2_18_WSK', '20121006_220654_r1_19_DBX', '20121007_205054_r2_36_ZJE', '20121008_120325_r2_26_QER', '20121009_113321_r2_8_ILD', '20121014_204649_r2_49_AUD', '20121020_215816_r1_2_BAS', '20121021_122339_r2_7_IRV', '20121021_212910_r1_13_ISP', '20121028_221758_r2_16_KQD', '20121030_220705_r1_10_UKX', '20121103_215024_r1_12_UOU', '20121104_121517_r2_2_HYI', '20121104_221404_r2_9_KZJ', '20121110_124018_r2_2_TKP', '20121111_121107_r2_2_RKO', '20121111_220944_r2_11_RLE', '20121118_120653_r2_1_URW', '20121202_115829_r2_14_UNN']"
OCC,"['20120924_121223_r2_3_OCC', '20120924_220906_r2_4_AOQ', '20120925_114310_r2_2_BWF', '20120925_214003_r2_3_HJL', '20120926_125407_r2_2_QVF', '20120926_215740_r1_0_GFM', '20120927_122456_r2_5_WDR', '20120927_222131_r2_5_YZY', '20120928_115539_r2_5_BDO', '20120928_215218_r2_6_UKL', '20120930_123720_r2_7_FMR', '20120930_214101_r1_2_UBO', '20120930_223340_r2_1_INP', '20121003_215410_r1_6_VUG', '20121003_224722_r2_5_GIY', '20121004_122025_r2_4_VKJ', '20121004_212457_r1_2_KHT', '20121004_221755_r2_12_UIM', '20121005_115106_r2_9_LYZ', '20121006_220654_r1_3_RPK', '20121007_123255_r2_3_JFH', '20121007_223026_r2_3_MDT']"
RCR,"['20121007_205054_r2_32_RCR', '20121008_120325_r2_17_BIS', '20121009_113321_r2_15_UAC', '20121014_204649_r2_52_UPW', '20121020_215816_r1_5_NCG', '20121021_122339_r2_10_UDK', '20121021_212910_r1_16_HPM', '20121028_221758_r2_17_WVP', '20121030_220705_r1_11_VJK', '20121103_215024_r1_13_YPU', '20121104_121517_r2_3_PFU', '20121104_221404_r2_10_DVW', '20121110_124018_r2_3_MNF', '20121111_121107_r2_3_JCV', '20121111_220944_r2_12_VOW', '20121118_120653_r2_2_RBN', '20121125_220204_r2_1_ZLN', '20121202_115829_r2_2_VOM', '20121202_215654_r2_9_TBE', '20121208_222213_r2_10_KHU', '20121209_215312_r2_4_ROC', '20121215_221835_r2_2_TGC', '20121216_115007_r2_2_XVK', '20121216_214909_r2_2_SKQ', '20121222_221357_r2_8_BRG', '20121229_121118_r2_8_PVT', '20121229_220951_r2_6_RBG', '20130105_220505_r2_9_RSS', '20130106_213629_r2_8_HID', '20130113_113326_r2_7_CEU', '20130119_215733_r2_5_UJA', '20130120_130948_r2_3_BND', '20130120_212803_r2_3_SNM', '20130126_115455_r2_3_WIQ', '20130126_215241_r2_3_BLQ', '20130127_130546_r2_3_KWO']"
WOY,"['20121007_123255_r2_7_WOY', '20121007_223026_r2_6_WYB', '20121008_120325_r2_6_BZU', '20121010_124526_r2_0_AXU', '20121010_224255_r2_0_QXN', '20121011_121616_r2_10_EKA', '20121012_114657_r2_2_KEZ', '20121013_125756_r2_1_HKL', '20121013_225526_r2_0_XTR', '20121014_122841_r2_1_BXN', '20121014_222621_r2_1_GGM', '20121015_115929_r2_1_ESJ', '20121015_215649_r2_1_APZ', '20121016_221501_r1_1_MZR', '20121017_124120_r2_5_JXR', '20121017_214537_r1_5_HGR', '20121018_121207_r2_10_WJH', '20121019_222755_r1_3_YWJ']"
RXJ,"['20121004_221755_r2_15_RXJ', '20121005_115106_r2_12_JOV', '20121006_130207_r2_6_ZIO', '20121006_220654_r1_11_SOU', '20121007_123255_r2_8_CUC', '20121007_223026_r2_7_ZRF', '20121008_120325_r2_7_PUC', '20121010_124526_r2_1_EVH', '20121010_224255_r2_1_GJI', '20121011_121616_r2_15_YTC', '20121012_114657_r2_7_CPS', '20121013_125756_r2_3_WEP', '20121013_225526_r2_2_JXY', '20121014_122841_r2_3_HXS', '20121014_222621_r2_3_HXT', '20121015_115929_r2_3_CYD', '20121015_215649_r2_3_BUQ', '20121016_221501_r1_2_FLT', '20121017_124120_r2_13_IDH']"
IJC,"['20121006_220654_r1_5_IJC', '20121007_205054_r2_30_HXL', '20121008_120325_r2_19_MTL', '20121009_113321_r2_13_RMI', '20121010_124526_r2_4_APE']"
NZK,"['20121004_212457_r1_5_NZK', '20121004_221755_r2_9_ODA', '20121005_115106_r2_6_OMY', '20121006_220654_r1_1_MFM', '20121007_123255_r2_1_ERA', '20121007_223026_r2_1_LSO', '20121008_120325_r2_1_APK', '20121009_113436_r2_1_JXB', '20121009_213208_r2_0_PHJ', '20121010_124526_r2_15_VNF', '20121011_121616_r2_9_NQR', '20121011_221406_r2_5_TRI', '20121012_114657_r2_13_XFY', '20121014_122841_r2_14_YKD', '20121014_222621_r2_11_OXX', '20121015_115929_r2_11_LDD', '20121015_215649_r2_7_TMJ', '20121016_113021_r2_1_IFJ', '20121017_124120_r2_6_BYU']"
PWQ,"['20121018_121207_r2_8_PWQ', '20121018_211631_r1_5_UUL', '20121019_114250_r2_9_BKT', '20121019_222755_r1_6_ACM', '20121020_125350_r2_8_FWJ', '20121020_215816_r1_19_SQJ', '20121021_122454_r2_8_CKM', '20121021_212910_r1_5_ZHC', '20121021_222132_r2_9_NND', '20121022_115523_r2_10_DAY', '20121022_215226_r2_7_BFA', '20121024_123709_r2_11_JMD', '20121025_120755_r2_11_UIS', '20121026_113838_r2_8_NOW', '20121027_124940_r2_8_HLL', '20121028_122028_r2_8_NLO', '20121028_221758_r2_8_ODV', '20121029_115112_r2_9_BKK', '20121030_220705_r1_6_KNG', '20121031_123259_r2_5_DMM', '20121031_213655_r1_4_GTJ', '20121031_223020_r2_3_HBI', '20121102_113453_r2_2_HFH', '20121102_221935_r1_2_WBX', '20121103_215024_r1_5_TLC', '20121104_121632_r2_4_ZNA', '20121104_221404_r2_4_WAA', '20121105_114705_r2_4_HJW', '20121108_115948_r2_4_LOA']"
XTA,"['20121021_212910_r1_24_XTA', '20121028_203803_r2_6_EMN']"
RCX,"['20121020_125350_r2_2_RCX', '20121020_215816_r1_25_KHZ', '20121021_122339_r2_16_PUS', '20121021_212910_r1_22_GJC', '20121022_115523_r2_2_TEJ', '20121024_123709_r2_4_VVW', '20121025_120755_r2_4_ZWS', '20121026_113838_r2_2_PHW', '20121027_124940_r2_2_GOH', '20121028_122028_r2_2_SFD', '20121028_221758_r2_2_FXY', '20121029_115112_r2_3_RUT', '20121030_130208_r2_1_NUG', '20121030_220705_r1_1_OGE', '20121031_123259_r2_1_YST', '20121031_223020_r2_11_FLD', '20121102_221935_r1_11_TSY', '20121103_215024_r1_10_FMO', '20121104_121517_r2_0_WCS', '20121104_221404_r2_7_WYB', '20121105_114705_r2_7_YUU', '20121110_124018_r2_0_MZN', '20121111_121107_r2_0_KXA', '20121111_220944_r2_9_KYB', '20121117_123713_r2_7_KTC', '20121117_223514_r2_1_MNL']"
JEA,"['20121025_120755_r2_1_JEA', '20121027_124940_r2_13_YFP', '20121028_122028_r2_13_AAY', '20121028_221758_r2_12_VVF', '20121030_130208_r2_2_YQQ', '20121030_220705_r1_2_GVG', '20121031_123259_r2_2_PKB', '20121031_223020_r2_10_KQV', '20121102_221935_r1_10_PSX', '20121103_124603_r2_3_EOW']"
MKA,"['20121118_120653_r2_6_MKA', '20121125_220204_r2_5_DTN', '20121202_115829_r2_5_XJQ', '20121202_215654_r2_12_JQB', '20121209_215312_r2_7_PAM', '20121216_115007_r2_5_NHO', '20121216_214909_r2_5_KRT', '20121222_221357_r2_11_ZWJ', '20121223_214523_r2_1_ADD', '20121229_121118_r2_1_ORZ', '20121229_220951_r2_1_DQZ', '20130105_220505_r2_4_UWT', '20130106_213629_r2_4_OZG', '20130113_113326_r2_3_WZD', '20130119_215733_r2_1_HRV', '20130120_212803_r2_8_LTJ', '20130126_115455_r2_6_VIQ', '20130126_215241_r2_5_GCO', '20130127_130546_r2_5_GQT', '20130202_115047_r2_5_PNQ', '20130204_123212_r2_4_MOG', '20130205_120309_r2_5_GXA', '20130209_214433_r2_7_JTT', '20130216_214040_r2_9_YNV', '20130217_125235_r2_10_HZB', '20130309_212832_r2_7_WSR', '20130310_124043_r2_6_IAF', '20130310_205845_r2_6_KJW', '20130312_214029_r2_9_APO', '20130316_130501_r2_5_QMJ', '20130317_123556_r2_6_VRJ', '20130317_205503_r2_6_TVF', '20130323_130115_r2_6_MIL', '20130324_123127_r2_3_UQW', '20130324_205051_r2_6_GHN', '20130326_213204_r2_12_WZO', '20130330_125702_r2_6_UNK', '20130331_122758_r2_6_EKD', '20130331_204641_r2_6_TXJ', '20130403_124051_r2_10_LRZ', '20130405_214032_r2_8_DZN', '20130406_211113_r2_4_MFN', '20130407_204233_r2_6_LZV', '20130409_112514_r2_2_QTZ', '20130409_130448_r2_1_HER', '20130411_220504_r2_10_ELT', '20130414_121915_r2_3_CRW', '20130414_203826_r2_3_HXF', '20130416_130136_r2_1_YVT', '20130417_123216_r2_1_JNN', '20130420_124421_r2_1_SKA', '20130421_121505_r2_1_IFS', '20130421_203409_r2_1_FNR', '20130421_221331_r2_1_JAX', '20130423_125721_r2_1_IRC', '20130424_122805_r2_1_UWL', '20130427_123958_r2_1_BZM', '20130428_203006_r2_3_DYJ', '20130428_221021_r2_1_GRP', '20130501_122413_r2_1_AMU', '20130505_120654_r2_1_ESN', '20130505_220535_r2_7_VLE', '20130508_122002_r2_7_BEE', '20130512_120247_r2_5_FFK', '20130512_220124_r2_9_ZKJ', '20130515_121555_r2_7_XQW', '20130519_115840_r2_3_EOA', '20130519_215651_r2_8_BPZ', '20130522_121144_r2_8_LHC', '20130526_115422_r2_3_RVI', '20130526_215310_r2_3_GKX', '20130529_120623_r2_1_YCS', '20130601_121949_r2_7_NEN', '20130602_115011_r2_3_ZCT', '20130602_214908_r2_3_IJY', '20130608_221328_r2_12_MZR', '20130609_114600_r2_3_KIH', '20130609_214508_r2_4_BHB', '20130610_211512_r2_3_REG', '20130615_220959_r2_4_RKY', '20130616_214050_r2_3_WMQ', '20130622_220538_r2_6_ZHU', '20130623_213636_r2_5_RGA', '20130630_213210_r2_10_SKP', '20130701_210242_r2_3_QFX', '20130702_221420_r2_3_XLI', '20130703_214445_r2_7_YGQ', '20130704_125742_r2_6_YBX', '20130704_211543_r2_3_YPM', '20130706_215737_r2_3_RNM', '20130707_212832_r2_4_CVY', '20130708_205850_r2_3_APN']"
NAE,"['20121118_120653_r2_5_NAE', '20121125_220204_r2_4_XTI', '20121202_115829_r2_4_NFT', '20121202_215654_r2_11_GXR', '20121209_215312_r2_6_EMS', '20121215_221835_r2_4_ZOB', '20121216_115007_r2_3_ZBO', '20121216_214909_r2_3_XUD', '20121222_221357_r2_9_RUW', '20121223_214523_r2_0_OZC', '20121229_121118_r2_0_QZQ', '20121229_220951_r2_0_YGY', '20130105_220505_r2_3_VPD', '20130106_213629_r2_3_HFC', '20130113_113326_r2_2_GQC', '20130119_215733_r2_0_GML', '20130120_130948_r2_0_MEN', '20130120_212803_r2_0_HAP', '20130126_115455_r2_0_SQP', '20130126_215241_r2_0_SOU', '20130127_130546_r2_0_UGG', '20130202_115047_r2_0_ZKK', '20130204_123212_r2_0_IRL', '20130205_120309_r2_1_EAN', '20130209_214433_r2_3_UON', '20130216_214040_r2_4_KGN', '20130217_125235_r2_6_HDY', '20130309_130856_r2_5_PYN', '20130309_212832_r2_5_NNZ', '20130310_124043_r2_5_FBF', '20130310_205845_r2_5_AJR', '20130312_214029_r2_8_SMH', '20130316_130501_r2_4_YJG', '20130317_123556_r2_5_BNQ', '20130317_205503_r2_5_MEZ', '20130323_130115_r2_5_QOU', '20130324_123127_r2_2_LSI', '20130324_205051_r2_5_RBL', '20130326_213204_r2_11_BAI', '20130330_125702_r2_5_BAV', '20130331_122758_r2_5_XSA', '20130331_204641_r2_5_ZZF', '20130403_124051_r2_9_RMD', '20130405_214032_r2_7_KCG', '20130406_211113_r2_3_XNO', '20130407_204233_r2_5_AHR', '20130409_112514_r2_1_EUQ', '20130409_130448_r2_0_EEI', '20130411_220504_r2_9_FKP', '20130414_121915_r2_2_UWF', '20130414_203826_r2_2_NST', '20130414_221851_r2_0_HGA', '20130416_130136_r2_0_BTM', '20130417_123216_r2_0_SZS', '20130420_124421_r2_0_FLG', '20130421_121505_r2_0_ECA', '20130421_203409_r2_0_YNL', '20130421_221331_r2_0_YLJ', '20130423_125721_r2_0_MKB', '20130424_122805_r2_0_FEE', '20130427_123958_r2_0_LIU', '20130428_203006_r2_2_CPZ', '20130428_221021_r2_0_VFR', '20130501_122413_r2_0_SBT', '20130505_120654_r2_0_YZR', '20130505_220535_r2_6_GZG', '20130508_122002_r2_6_VVD', '20130512_120247_r2_4_RMC', '20130512_220124_r2_8_IIG', '20130515_121555_r2_6_SSF', '20130519_115840_r2_2_DKP', '20130519_215651_r2_7_VHV', '20130522_121144_r2_7_ALH', '20130526_115422_r2_2_NNX', '20130526_215310_r2_2_WCL', '20130529_120623_r2_0_GPE', '20130601_121949_r2_6_GUA', '20130601_221814_r2_2_JKM', '20130602_115011_r2_1_VKG', '20130602_214908_r2_1_ZXR', '20130608_221328_r2_10_MGH', '20130609_114600_r2_1_DXO', '20130609_214508_r2_2_RMB', '20130610_211512_r2_1_NJG', '20130615_220959_r2_2_AJG', '20130616_214050_r2_1_UYZ', '20130622_220538_r2_4_EEJ', '20130623_213636_r2_3_CNW', '20130630_213210_r2_8_GSC', '20130701_210242_r2_2_FIM', '20130702_221420_r2_2_DSG', '20130703_214445_r2_6_XIT', '20130704_125742_r2_5_ORQ', '20130704_211543_r2_2_ZLO', '20130706_215737_r2_2_UGM', '20130707_212832_r2_3_ALG', '20130708_205850_r2_2_QXS']"
XBU,"['20121118_120653_r2_7_XBU', '20121125_220204_r2_6_AMI', '20121202_115829_r2_6_YQM', '20121202_215654_r2_13_UWN', '20121209_215312_r2_8_JPA', '20121216_115007_r2_6_BOT', '20121216_214909_r2_6_BDC', '20121222_221357_r2_12_LFM', '20121223_214523_r2_2_ZRJ', '20121229_121118_r2_2_HLV', '20121229_220951_r2_2_ONJ', '20130105_220505_r2_5_VGA', '20130106_213629_r2_5_UUQ', '20130113_113326_r2_4_QHA', '20130119_215733_r2_2_RCI', '20130120_130948_r2_5_IWY', '20130120_212803_r2_5_HPD', '20130126_115455_r2_5_CGX', '20130127_130546_r2_6_YJH', '20130202_115047_r2_6_NQR', '20130204_123212_r2_5_NCR', '20130205_120309_r2_6_AAJ', '20130216_214040_r2_12_UGU', '20130217_125235_r2_13_DVD', '20130309_212832_r2_8_GEN', '20130310_124043_r2_7_KLQ', '20130310_205845_r2_7_LUU', '20130312_214029_r2_10_ILL', '20130316_130501_r2_6_ZCD', '20130317_123556_r2_7_ZZY', '20130317_205503_r2_7_EFN', '20130323_130115_r2_7_QZA', '20130324_123127_r2_4_IBK', '20130324_205051_r2_7_AWL', '20130326_213204_r2_13_TLJ', '20130330_125702_r2_7_BEC', '20130331_122758_r2_7_FMZ', '20130331_204641_r2_7_GSR', '20130403_124051_r2_11_DFS', '20130405_214032_r2_9_JDD', '20130406_211113_r2_5_MKL', '20130407_204233_r2_7_NJJ', '20130409_112514_r2_3_OHW', '20130409_130448_r2_2_UQX', '20130411_220504_r2_11_ZBM', '20130414_121915_r2_4_RMG', '20130414_203826_r2_4_CXL', '20130416_130136_r2_2_KYZ', '20130417_123216_r2_2_VXW', '20130420_124421_r2_2_EFO', '20130421_121505_r2_2_OLZ', '20130421_203409_r2_2_CFX', '20130421_221331_r2_2_GPV', '20130423_125721_r2_2_BXF', '20130424_122805_r2_2_HIR', '20130427_123958_r2_2_QES', '20130428_203006_r2_4_RML', '20130428_221021_r2_2_QUB', '20130501_122413_r2_2_AWY', '20130505_120654_r2_2_ONF', '20130505_220535_r2_8_RAJ', '20130508_122002_r2_8_VJM', '20130512_120247_r2_6_DGG', '20130512_220124_r2_10_VXF', '20130515_121555_r2_8_EBL', '20130519_115840_r2_4_FYS', '20130519_215651_r2_9_WZV', '20130522_121029_r2_0_UZX', '20130526_115422_r2_10_DHY', '20130526_215310_r2_7_OLS', '20130529_120623_r2_4_QQI', '20130601_121949_r2_10_UBB', '20130602_115011_r2_4_GNX', '20130602_214908_r2_4_PBF', '20130608_221328_r2_13_OVA', '20130609_114600_r2_4_NNA', '20130609_214508_r2_5_ZBD', '20130610_211512_r2_4_INQ', '20130615_220959_r2_5_OKQ', '20130616_214050_r2_4_OBZ', '20130622_220538_r2_7_QTD', '20130623_213636_r2_6_IJF', '20130630_213210_r2_11_JFJ', '20130701_210242_r2_4_QJD', '20130702_221420_r2_4_JEH', '20130704_211543_r2_4_ZQC', '20130706_215737_r2_4_HBT', '20130707_212832_r2_5_XLF', '20130708_205850_r2_4_ZVX']"
CDL,"['20121118_120653_r2_4_CDL', '20121125_220204_r2_3_RWB', '20121202_115829_r2_3_EBO', '20121202_215654_r2_10_BWP', '20121208_222213_r2_11_UCO', '20121209_215312_r2_5_XZR', '20121215_221835_r2_3_DTE', '20121216_115007_r2_4_YIE', '20121216_214909_r2_4_GLO', '20121222_221357_r2_10_HNI', '20121229_121118_r2_9_OEI', '20121229_220951_r2_7_QFO', '20130105_220505_r2_10_YAS', '20130106_213629_r2_9_ZFA', '20130113_113326_r2_8_NOV', '20130119_215733_r2_6_NIT', '20130120_130948_r2_4_HRJ', '20130120_212803_r2_4_FBX', '20130126_115455_r2_4_OBH', '20130126_215241_r2_4_XOM', '20130127_130546_r2_4_BKB', '20130202_115047_r2_4_VIY', '20130204_123212_r2_3_AMP', '20130205_120309_r2_4_YST', '20130209_214433_r2_6_ANW', '20130216_214040_r2_8_TUN', '20130217_125235_r2_9_NLD', '20130309_131011_r2_2_QBB', '20130309_212832_r2_1_FLE', '20130310_124043_r2_1_CGC', '20130310_205845_r2_1_ZAY', '20130312_214029_r2_5_XOL', '20130316_130501_r2_1_QRB', '20130317_123556_r2_2_NGB', '20130317_205503_r2_2_OEG', '20130323_130115_r2_2_NMH', '20130324_123241_r2_6_XOG', '20130324_205051_r2_1_VEW', '20130326_213204_r2_7_XOB', '20130330_125702_r2_1_AMW', '20130331_122758_r2_1_DKQ', '20130331_204641_r2_1_UKK', '20130403_124051_r2_7_GVR', '20130405_214032_r2_5_LIH', '20130406_211113_r2_1_ZFV', '20130407_204233_r2_3_IOG', '20130407_222225_r2_1_IUR', '20130409_130603_r2_1_DVY', '20130411_220504_r2_8_CIQ', '20130416_130136_r2_6_GLZ', '20130417_123216_r2_6_UUA', '20130420_124421_r2_6_SSM', '20130421_121505_r2_6_CWZ', '20130421_221331_r2_13_OTK', '20130423_125721_r2_5_FKH', '20130424_122805_r2_5_QTI', '20130427_123958_r2_5_HUS', '20130428_221021_r2_5_XXQ', '20130501_122413_r2_5_SQL', '20130505_120654_r2_5_RZW', '20130505_220535_r2_11_OAW', '20130508_122002_r2_11_QMY', '20130512_120247_r2_9_XZI', '20130512_220124_r2_13_BDB', '20130515_121555_r2_11_SDX', '20130518_222627_r2_5_UYC', '20130519_115840_r2_1_NLY', '20130519_215651_r2_6_EBD', '20130522_121144_r2_6_ZEG', '20130525_222229_r2_1_ZLA', '20130526_115422_r2_1_JOQ', '20130526_215310_r2_1_QVV', '20130529_120738_r2_1_HZZ', '20130601_121949_r2_1_QTC', '20130601_221814_r2_1_JWD', '20130602_115011_r2_0_HYI', '20130602_214908_r2_0_KCF', '20130608_221328_r2_9_CJR', '20130609_114600_r2_0_MSJ', '20130609_214508_r2_1_GSM', '20130610_211512_r2_0_BFA', '20130611_222644_r2_0_MZW', '20130615_220959_r2_1_BHE', '20130616_214050_r2_0_UVH', '20130622_220538_r2_3_LPF', '20130623_213636_r2_2_FRE', '20130630_213210_r2_7_VSE', '20130701_124516_r2_7_SXZ', '20130701_210242_r2_0_ATJ', '20130702_121604_r2_7_NME', '20130702_221420_r2_0_DFN', '20130703_214445_r2_4_AGK', '20130704_125742_r2_3_NDH', '20130704_211543_r2_0_DRE', '20130705_222656_r2_0_ZDW', '20130706_215737_r2_0_CHE', '20130707_212832_r2_1_MAG', '20130708_124104_r2_1_JLO', '20130708_205850_r2_0_LTP', '20130710_214036_r2_3_FFS']"
EFL,"['20121118_120653_r2_0_EFL', '20121125_220204_r2_0_QPO', '20121202_115829_r2_1_FQS', '20121202_215654_r2_8_XEF', '20121208_222213_r2_9_QHA', '20121209_215312_r2_3_QEW', '20121215_221835_r2_1_TVL', '20121216_115007_r2_1_UBJ', '20121216_214909_r2_1_HPJ', '20121222_221357_r2_7_DWB', '20121229_121118_r2_7_WGH', '20121229_220951_r2_5_BPJ', '20130105_220505_r2_8_EGJ', '20130106_213629_r2_7_IZD', '20130113_113326_r2_6_BCU', '20130119_215733_r2_4_OQY', '20130120_130948_r2_2_HXW', '20130120_212803_r2_2_FOT', '20130126_115455_r2_2_MTN', '20130126_215241_r2_2_TSX', '20130127_130546_r2_2_WRQ', '20130202_115047_r2_2_FLO', '20130204_123212_r2_2_TGD', '20130205_120309_r2_3_URO', '20130209_214433_r2_5_MQH', '20130216_214040_r2_7_VAU', '20130217_125235_r2_8_KYE', '20130309_131011_r2_3_JGW', '20130309_212832_r2_2_ZHN']"
NEL,"['20121202_115943_r2_7_NEL', '20121202_215654_r2_5_CLC']"
ATQ,"['20121128_221342_r2_2_ATQ', '20121129_114721_r2_2_YWH', '20121201_222630_r2_2_ZAI', '20121202_115943_r2_2_AXM', '20121202_215654_r2_2_TWY', '20121203_113042_r2_2_XNG', '20121208_222213_r2_5_GNX', '20121209_115521_r2_4_HJW', '20121215_122042_r2_6_PHJ', '20121215_221721_r2_6_WNG', '20121216_115119_r2_6_CON', '20121216_214747_r2_5_WQH', '20121222_121641_r2_5_MUB', '20121222_221357_r2_2_PTT', '20121227_113036_r2_5_BYH', '20121229_121233_r2_3_DEP', '20130105_220505_r2_14_UVX', '20130106_113858_r2_5_QAE', '20130106_213514_r2_4_XID', '20130113_113437_r2_2_PPO', '20130119_215618_r2_7_WPT', '20130120_212803_r2_13_CON', '20130126_115455_r2_11_RAE', '20130126_215241_r2_10_MTB', '20130202_115047_r2_11_TNM', '20130204_123256_r2_4_YTD', '20130209_214433_r2_12_UFS', '20130216_114249_r2_5_UEK', '20130216_213933_r2_3_EQM', '20130224_124931_r2_6_QGL', '20130302_113425_r2_2_MFC', '20130309_113020_r2_1_ZFY', '20130309_212717_r2_4_ONG', '20130310_124043_r2_14_NYK', '20130310_223843_r2_5_BMQ', '20130312_214029_r2_13_YCV', '20130314_222125_r2_5_QGI', '20130316_212252_r2_2_LAE', '20130317_123711_r2_3_UZD', '20130317_223434_r2_6_CUA', '20130321_221744_r2_6_IXE', '20130323_211940_r2_1_YGU', '20130324_123241_r2_1_RSQ', '20130324_223022_r2_1_HWZ', '20130326_213204_r2_1_UIL', '20130328_221334_r2_2_WQV', '20130331_122912_r2_4_NYM', '20130331_222616_r2_5_YOJ', '20130403_124051_r2_4_DQF', '20130404_121155_r2_5_AWP', '20130405_214032_r2_3_JPD', '20130407_222110_r2_5_VXC', '20130410_123658_r2_6_HWZ', '20130411_220504_r2_6_AWT', '20130414_122016_r2_6_XZF', '20130414_221733_r2_7_JTL', '20130417_123216_r2_9_CGP', '20130420_124535_r2_7_EOI', '20130421_121609_r2_7_CKB', '20130421_221331_r2_11_AJC', '20130424_122805_r2_10_BUH', '20130427_124113_r2_7_LFZ', '20130427_223844_r2_6_RXI', '20130428_220941_r2_6_YPH', '20130501_122413_r2_12_TUM', '20130504_223435_r2_6_QHG', '20130505_120750_r2_6_YQF', '20130505_220535_r2_5_LAE', '20130508_122002_r2_5_PJT', '20130511_222931_r2_5_PPS', '20130512_120402_r2_6_JZL', '20130512_220124_r2_5_EZI', '20130515_121555_r2_5_EIS', '20130518_222627_r2_3_SWT', '20130519_115955_r2_2_UWK', '20130519_215651_r2_1_TCE', '20130522_121144_r2_1_ADS', '20130525_222120_r2_4_SFL', '20130526_115531_r2_3_IVN', '20130526_215155_r2_3_XRW', '20130529_120738_r2_5_PFA', '20130601_121949_r2_4_ZTE', '20130601_221659_r2_4_LXL', '20130602_115109_r2_3_PBZ', '20130602_214826_r2_3_KLQ', '20130608_121611_r2_4_QHJ', '20130608_221328_r2_4_RGQ', '20130609_114700_r2_4_SSA', '20130609_214353_r2_4_WFA', '20130611_222529_r2_5_BZQ', '20130613_113037_r2_0_BQL', '20130615_121208_r2_0_SLN', '20130615_220844_r2_0_ILL', '20130616_114253_r2_1_NIL', '20130616_213945_r2_0_XDS', '20130618_122450_r2_0_WYD', '20130621_123724_r2_0_ZYC', '20130622_120814_r2_0_WYY', '20130622_220423_r2_0_HAB', '20130623_113840_r2_2_GRT', '20130623_213517_r2_2_PLW', '20130625_122040_r2_3_RDY', '20130626_115128_r2_2_ZWD']"
VQT,"['20121128_221227_r2_3_VQT', '20121129_114836_r2_3_IFJ', '20121130_111923_r2_3_VOA', '20121201_222437_r2_3_MUX', '20121202_215539_r2_9_EVU', '20121203_113156_r2_3_MAA', '20121207_111516_r2_11_KDV', '20121208_222027_r2_4_HOO', '20121209_115635_r2_4_GIN', '20121210_112746_r2_4_FUD', '20121214_111102_r2_4_RLE', '20121216_115233_r2_4_FAW', '20121216_214632_r2_4_GWY', '20121222_221123_r2_5_HXH', '20121224_111902_r2_6_UEJ', '20121227_113150_r2_3_BAS', '20121230_213820_r2_3_RZJ', '20121231_111450_r2_3_WYP', '20130105_220308_r2_11_WIH', '20130106_114013_r2_3_OTY', '20130106_213356_r2_3_BYF', '20130107_111108_r2_3_JNZ', '20130113_113551_r2_3_UXR', '20130114_110652_r2_4_HYD', '20130119_120030_r2_2_PAW', '20130120_113156_r2_2_MYN', '20130122_220821_r2_2_JDD', '20130124_111457_r2_2_TNH', '20130126_115609_r2_2_PLJ', '20130126_215126_r2_2_XIG', '20130127_112718_r2_2_NIY', '20130202_115202_r2_2_GBV', '20130209_214318_r2_2_CNA', '20130210_111858_r2_2_UHN', '20130216_114403_r2_3_AJC', '20130216_213818_r2_3_YUW', '20130217_111503_r2_3_ODR', '20130224_111038_r2_6_KRD', '20130302_113540_r2_3_SJS', '20130303_110646_r2_13_PHS', '20130309_113134_r2_6_COL', '20130316_112720_r2_7_FNX', '20130317_223319_r2_2_FJN', '20130321_221629_r2_2_IEA', '20130323_112310_r2_2_KDE', '20130324_222908_r2_2_TOH', '20130328_221220_r2_2_AZA', '20130330_111923_r2_2_VLM', '20130331_222437_r2_2_NEC', '20130405_213802_r2_6_BFZ', '20130406_111505_r2_10_EUJ', '20130407_222028_r2_2_FNH', '20130413_111102_r2_9_EGW', '20130414_221618_r2_3_ABE', '20130420_110648_r2_3_LGN', '20130421_221217_r2_2_JMI', '20130428_220711_r2_11_HQL', '20130504_223320_r2_3_VRE', '20130505_220305_r2_2_EUQ', '20130511_222850_r2_2_QWJ', '20130512_120520_r2_0_MEP', '20130512_215857_r2_2_GPG', '20130518_222439_r2_4_SCJ', '20130519_120109_r2_2_BAY', '20130519_215535_r2_3_EGE', '20130523_213856_r2_3_ZTO', '20130525_222005_r2_2_MVP', '20130526_115646_r2_2_FWW', '20130526_215038_r2_2_FTS', '20130601_221549_r2_5_SFG', '20130602_115224_r2_2_PDQ', '20130602_214711_r2_2_YKQ', '20130603_112307_r2_2_NWM', '20130607_110651_r2_5_QSH', '20130608_221210_r2_4_HNS', '20130609_114815_r2_4_AEZ', '20130609_214239_r2_4_RUJ', '20130610_111922_r2_4_OGJ', '20130615_220711_r2_13_BTM', '20130616_114408_r2_5_RDH', '20130616_213830_r2_7_FDS', '20130617_111503_r2_4_PXK', '20130622_220305_r2_10_SWZ', '20130623_113955_r2_5_CBA', '20130623_213402_r2_4_ZSN', '20130624_111053_r2_4_GVP', '20130629_120459_r2_0_KMG', '20130630_113544_r2_0_AYJ', '20130701_110651_r2_2_ENP', '20130703_114806_r2_2_LLD', '20130703_214213_r2_2_VMT', '20130704_111859_r2_2_GSC', '20130706_120040_r2_3_NLO', '20130706_215536_r2_2_QZG', '20130707_113121_r2_2_MNQ', '20130710_114357_r2_6_QGL', '20130710_213803_r2_5_GVO', '20130711_111450_r2_5_OIR', '20130712_222022_r2_5_EBQ', '20130713_115626_r2_6_PYP', '20130713_215050_r2_5_RRI', '20130714_112722_r2_5_XUC', '20130716_220410_r2_4_NTR', '20130717_113949_r2_3_JCN', '20130717_213404_r2_3_XVG', '20130718_111038_r2_3_WMG', '20130719_221537_r2_4_XVL', '20130720_115220_r2_4_VPD', '20130720_214704_r2_3_GOH', '20130721_112307_r2_3_NGY', '20130722_222913_r2_4_VFP', '20130723_120437_r2_3_ZQN', '20130723_215945_r2_2_STV', '20130724_113536_r2_2_LPJ', '20130725_110650_r2_7_LDJ']"
KWQ,"['20121128_221342_r2_0_KWQ', '20121129_114721_r2_0_SOB', '20121201_222630_r2_0_UAQ', '20121202_115943_r2_0_TRV', '20121202_215654_r2_0_JXV', '20121203_113042_r2_0_RUS', '20121208_222213_r2_3_ISX', '20121209_115521_r2_2_QWK', '20121215_122042_r2_4_HJG', '20121215_221721_r2_4_NDK', '20121216_115119_r2_4_PCA', '20121216_214747_r2_3_DFX', '20121222_121641_r2_3_EEI', '20121222_221357_r2_0_SJR', '20121227_113036_r2_3_CNB', '20121229_121233_r2_1_GBI', '20130105_220505_r2_13_EIF', '20130106_113858_r2_4_RKL', '20130106_213514_r2_3_DXH', '20130113_113437_r2_1_YXZ', '20130119_215618_r2_6_VIN', '20130120_212803_r2_12_HEH', '20130126_115455_r2_10_AMZ', '20130126_215241_r2_9_VTS', '20130202_115047_r2_10_OWL', '20130204_123256_r2_3_SIZ', '20130209_214433_r2_11_SOY', '20130216_114249_r2_4_RYH', '20130216_213933_r2_2_GQO', '20130217_125349_r2_3_YYY', '20130224_124931_r2_4_RKB', '20130302_113425_r2_0_NOB', '20130309_113020_r2_0_KNO', '20130309_212717_r2_0_NZI', '20130310_124043_r2_8_WPE', '20130310_223843_r2_0_LQL', '20130312_214029_r2_0_UZP', '20130314_222125_r2_0_ADK', '20130316_212252_r2_0_FLQ', '20130317_123711_r2_1_TWK', '20130317_223434_r2_4_SYI', '20130321_221744_r2_4_QEH', '20130323_211940_r2_0_TTT', '20130324_123241_r2_0_GLE', '20130324_223022_r2_0_ENS', '20130326_213204_r2_0_PSE', '20130328_221334_r2_1_BEQ', '20130331_122912_r2_3_PGI', '20130331_222616_r2_4_PTL', '20130403_124051_r2_3_LIN', '20130404_121155_r2_4_GMB', '20130405_214032_r2_2_UQS', '20130407_222110_r2_4_RKF', '20130410_123658_r2_5_YSI', '20130411_220504_r2_5_ZNM', '20130414_122016_r2_5_XRE', '20130414_221733_r2_6_KJY', '20130417_123216_r2_8_POK', '20130420_124535_r2_6_TVJ', '20130421_121609_r2_6_FCV', '20130421_221331_r2_10_JOL', '20130424_122805_r2_9_ISY', '20130427_124113_r2_6_SLK', '20130427_223844_r2_5_GZQ', '20130428_220941_r2_5_USW', '20130501_122413_r2_11_QKK', '20130504_223435_r2_5_BXJ', '20130505_120750_r2_5_VXD', '20130505_220535_r2_4_LZB', '20130508_122002_r2_4_NSE', '20130511_222931_r2_4_QIT', '20130512_120402_r2_5_XLH', '20130512_220124_r2_4_HNO', '20130515_121555_r2_4_TXD', '20130518_222627_r2_2_EWB', '20130519_115955_r2_1_TDQ', '20130519_215651_r2_15_QRN', '20130522_121144_r2_12_NNN', '20130525_222120_r2_7_OTK', '20130526_115531_r2_7_CNU', '20130526_215155_r2_7_BXV']"
JQF,"['20121128_221227_r2_1_JQF', '20121129_114836_r2_1_PHO', '20121130_111923_r2_1_FUV', '20121201_222437_r2_1_QIB', '20121202_215539_r2_7_USX', '20121203_113156_r2_1_ZWW', '20121207_111516_r2_9_SWO', '20121208_222027_r2_2_DXB', '20121209_115635_r2_2_ZNJ', '20121210_112746_r2_2_ZIJ', '20121214_111102_r2_2_YOP', '20121216_115233_r2_2_OKG', '20121216_214632_r2_2_QDD', '20121222_221123_r2_3_HVI', '20121224_111902_r2_4_HQN', '20121227_113150_r2_1_BFK', '20121230_213820_r2_1_WGC', '20121231_111450_r2_1_DBT', '20130105_220308_r2_9_SXZ', '20130106_114013_r2_1_XFR', '20130106_213356_r2_1_WMS', '20130107_111108_r2_1_DYQ', '20130113_113551_r2_1_RWJ', '20130114_110652_r2_2_CJX', '20130119_120030_r2_0_DON', '20130120_113156_r2_0_UDO', '20130122_220821_r2_0_PHC', '20130124_111457_r2_0_NBU', '20130126_115609_r2_0_DIP', '20130126_215126_r2_0_ZQV', '20130127_112718_r2_0_YKQ', '20130202_115202_r2_0_ZNM', '20130209_214318_r2_0_ZLZ', '20130210_111858_r2_0_ZAN', '20130216_114403_r2_1_ECX', '20130216_213818_r2_1_WLN', '20130217_111503_r2_1_TTT', '20130224_111038_r2_4_APG', '20130302_113540_r2_1_LBD', '20130303_110646_r2_11_WNC', '20130309_113134_r2_4_MSC', '20130316_112720_r2_5_KQB', '20130317_223319_r2_0_BHQ', '20130321_221629_r2_0_TWB', '20130323_112310_r2_0_TON', '20130324_222908_r2_0_NXC', '20130328_221220_r2_0_FTP', '20130330_111923_r2_0_XTN', '20130331_222437_r2_0_RHR', '20130405_213802_r2_3_YLQ', '20130406_111505_r2_7_MNW', '20130407_222028_r2_0_FJA', '20130413_111102_r2_7_VBU', '20130414_221618_r2_1_LKQ', '20130420_110648_r2_1_GBE', '20130421_221217_r2_0_ZCT', '20130428_220711_r2_9_DJZ', '20130504_223320_r2_1_PHE', '20130505_220305_r2_0_DKE', '20130511_222850_r2_0_RCQ', '20130512_120520_r2_1_MHI', '20130512_215857_r2_0_KOW', '20130518_222439_r2_2_ZKW', '20130519_120109_r2_0_TJA', '20130519_215535_r2_1_DEN', '20130523_213856_r2_1_TPS', '20130525_222005_r2_0_SRY', '20130526_115646_r2_0_LDU', '20130526_215038_r2_0_FIQ', '20130601_221549_r2_3_PSC', '20130602_115224_r2_0_WUX', '20130602_214711_r2_0_MWZ', '20130603_112307_r2_0_GMI', '20130607_110651_r2_3_PRQ', '20130608_221210_r2_2_PTB', '20130609_114815_r2_2_MHC', '20130609_214239_r2_2_WBG', '20130610_111922_r2_2_QFD', '20130615_220711_r2_11_NNK', '20130616_114408_r2_3_GWA', '20130616_213830_r2_5_QFJ', '20130617_111503_r2_2_FIS', '20130622_220305_r2_8_UMH', '20130623_113955_r2_3_PTY', '20130623_213402_r2_2_PUE', '20130624_111053_r2_2_OHK', '20130629_120459_r2_1_RVJ', '20130630_113544_r2_1_HUN', '20130701_110651_r2_0_QOM', '20130703_114806_r2_0_RDB', '20130703_214213_r2_0_JEQ', '20130704_111859_r2_0_QZC', '20130706_120040_r2_1_TIG', '20130706_215536_r2_0_LVZ', '20130707_113121_r2_0_QFH']"
UAB,"['20121128_221342_r2_1_UAB', '20121129_114721_r2_1_CUJ', '20121201_222630_r2_1_EYT', '20121202_115943_r2_1_CPR', '20121202_215654_r2_1_PYA', '20121203_113042_r2_1_OXH', '20121208_222213_r2_4_ICS', '20121209_115521_r2_3_LWZ', '20121215_122042_r2_5_ZFO', '20121215_221721_r2_5_MUJ', '20121216_115119_r2_5_ZDU']"
PZB,"['20121128_221227_r2_2_PZB', '20121129_114836_r2_2_RXS', '20121130_111923_r2_2_VTS', '20121201_222437_r2_2_DXU', '20121202_215539_r2_8_IUF', '20121203_113156_r2_2_DFY', '20121207_111516_r2_10_EWK', '20121208_222027_r2_3_LZI', '20121209_115635_r2_3_VAM', '20121210_112746_r2_3_FUY', '20121214_111102_r2_3_KZJ', '20121216_115233_r2_3_VTZ', '20121216_214632_r2_3_RQX', '20121222_221123_r2_4_NZS', '20121224_111902_r2_5_MHE', '20121227_113150_r2_2_ESC', '20121230_213820_r2_2_VYP', '20121231_111450_r2_2_KNE', '20130105_220308_r2_10_RAG', '20130106_114013_r2_2_VMT', '20130106_213356_r2_2_CRR', '20130107_111108_r2_2_HFI', '20130113_113551_r2_2_WNC', '20130114_110652_r2_3_QXW', '20130119_120030_r2_1_SJG', '20130120_113156_r2_1_MZG', '20130122_220821_r2_1_UFD', '20130124_111457_r2_1_ORF', '20130126_115609_r2_1_ALA', '20130126_215126_r2_1_JEJ', '20130127_112718_r2_1_VQV', '20130202_115202_r2_1_ZAF', '20130209_214318_r2_1_BAB', '20130210_111858_r2_1_PUA', '20130216_114403_r2_2_UDY', '20130216_213818_r2_2_COB', '20130217_111503_r2_2_RWY', '20130224_111038_r2_5_BUU', '20130302_113540_r2_2_GKQ', '20130303_110646_r2_12_XZS', '20130309_113134_r2_5_LUP', '20130316_112720_r2_6_VGT', '20130317_223319_r2_1_TIC', '20130321_221629_r2_1_ZUD', '20130323_112310_r2_1_DUP', '20130324_222908_r2_1_FPS', '20130328_221220_r2_1_XYH', '20130330_111923_r2_1_CNE', '20130331_222437_r2_1_HHK', '20130405_213802_r2_4_BAI', '20130406_111505_r2_8_HRZ', '20130407_222028_r2_1_ZFV', '20130413_111102_r2_8_IMO', '20130414_221618_r2_2_CZX', '20130420_110648_r2_2_PCJ', '20130421_221217_r2_1_AVB', '20130428_220711_r2_10_OXH', '20130504_223320_r2_2_SKK', '20130505_220305_r2_1_FPD', '20130511_222850_r2_1_NTV', '20130512_120520_r2_2_SKA', '20130512_215857_r2_1_MKT', '20130518_222439_r2_3_CHN', '20130519_120109_r2_1_PPV', '20130519_215535_r2_2_MDI', '20130523_213856_r2_2_OAI', '20130525_222005_r2_1_FIK', '20130526_115646_r2_1_FQQ', '20130526_215038_r2_1_OVO', '20130601_221549_r2_4_JTX', '20130602_115224_r2_1_JPD', '20130602_214711_r2_1_ZEV', '20130603_112307_r2_1_ABA', '20130607_110651_r2_4_WJD', '20130608_221210_r2_3_QBX', '20130609_114815_r2_3_XDY', '20130609_214239_r2_3_EIR', '20130610_111922_r2_3_HTK', '20130615_220711_r2_12_EWO', '20130616_114408_r2_4_URT', '20130616_213830_r2_6_GAB', '20130617_111503_r2_3_SEQ', '20130622_220305_r2_9_XIA', '20130623_113955_r2_4_PPE', '20130623_213402_r2_3_OQU', '20130624_111053_r2_3_KML', '20130629_120459_r2_2_ZJV', '20130630_113544_r2_2_JPQ', '20130701_110651_r2_1_XVS', '20130703_114806_r2_1_DAJ', '20130703_214213_r2_1_IDA', '20130704_111859_r2_1_LNZ', '20130706_120040_r2_2_LHO', '20130706_215536_r2_1_REE', '20130707_113121_r2_1_XTO']"
GXZ,"['20121207_111516_r2_7_GXZ', '20121208_222027_r2_1_ZCE', '20121209_115635_r2_1_YBM', '20121210_112746_r2_1_IRX', '20121214_111102_r2_1_PUF', '20121216_115233_r2_1_YGQ', '20121216_214632_r2_1_ZYT', '20121222_221123_r2_2_SKJ', '20121224_111902_r2_3_YDP']"
FGA,"['20121215_221721_r2_2_FGA', '20121216_115119_r2_2_FUZ', '20121222_121641_r2_8_LVE', '20121222_221357_r2_4_BRR', '20121229_121118_r2_6_HVZ', '20121229_220951_r2_4_OEP', '20130105_220505_r2_7_OYB', '20130106_113858_r2_3_DHX', '20130106_213629_r2_0_MUP', '20130114_224226_r2_1_IIJ', '20130119_215618_r2_3_BJW', '20130120_212803_r2_11_KAZ', '20130126_115455_r2_9_MMR', '20130126_215241_r2_8_WHK', '20130202_115047_r2_9_RGJ', '20130204_123256_r2_2_YZX', '20130209_214433_r2_10_NKE', '20130210_125753_r2_3_EYM', '20130216_114249_r2_3_XGS', '20130216_214040_r2_1_BLY', '20130217_125349_r2_0_QTR', '20130224_124931_r2_3_STH', '20130309_212717_r2_2_XBN', '20130310_124043_r2_10_ZQO', '20130310_223843_r2_1_XDO', '20130312_214029_r2_1_NYW', '20130314_222125_r2_1_CMJ']"
JXG,"['20121231_111450_r2_7_JXG', '20130105_220308_r2_13_OGS', '20130106_114013_r2_5_FLN', '20130106_213356_r2_5_SRT', '20130107_111108_r2_5_ZMT', '20130113_113551_r2_5_PWL', '20130113_213031_r2_0_NBF', '20130114_110652_r2_0_CZA', '20130120_113156_r2_3_MTF', '20130121_110245_r2_0_UWQ', '20130122_220814_r2_0_OSK', '20130124_111457_r2_3_CWA', '20130126_115609_r2_3_AHI', '20130126_215126_r2_3_AFX', '20130127_112718_r2_3_UCQ', '20130202_115202_r2_3_YME', '20130210_111858_r2_5_DBU', '20130216_114403_r2_4_DGH', '20130216_213818_r2_4_WZM', '20130217_111503_r2_4_UEI', '20130224_111038_r2_7_YXA', '20130302_113540_r2_4_ICM', '20130302_212956_r2_1_TDF', '20130303_110646_r2_1_LVK', '20130309_113134_r2_1_HXG', '20130310_110239_r2_8_XXW', '20130316_112720_r2_2_ZMH', '20130321_221629_r2_3_MEA', '20130323_112310_r2_3_RRR', '20130324_222908_r2_3_YMV', '20130328_221220_r2_3_EPE', '20130330_111923_r2_3_QUA', '20130331_222437_r2_3_PTK', '20130405_213802_r2_5_GQF', '20130406_111505_r2_9_UKL', '20130407_222028_r2_3_GDK', '20130413_111102_r2_10_JBF', '20130414_221618_r2_4_UYP', '20130420_110648_r2_4_ZAC', '20130421_221217_r2_3_ALR', '20130427_110235_r2_7_YUE', '20130428_220711_r2_6_FYR', '20130505_220305_r2_7_OCK', '20130511_222850_r2_3_BVP', '20130512_215857_r2_3_MQY', '20130513_212941_r2_0_SIE', '20130518_222439_r2_0_VGP', '20130519_215535_r2_5_MEP', '20130523_213856_r2_4_CPM', '20130525_222005_r2_3_VTL', '20130526_115646_r2_3_IMN', '20130526_215038_r2_3_YLO', '20130601_221549_r2_6_UHW', '20130602_115224_r2_3_BHQ', '20130602_214711_r2_3_GDE', '20130603_112307_r2_3_XPH', '20130606_212956_r2_3_STQ', '20130607_110651_r2_1_EQD', '20130608_221210_r2_0_ALB', '20130609_114815_r2_0_LVH', '20130609_214239_r2_0_QLR', '20130610_111922_r2_0_OPQ', '20130614_110243_r2_9_SUB', '20130615_220711_r2_8_TWJ', '20130616_114408_r2_0_NII', '20130616_213830_r2_2_MZG', '20130617_111503_r2_0_ADF', '20130622_220305_r2_6_HGU', '20130623_113955_r2_1_AGS', '20130623_213402_r2_0_LSV', '20130624_111053_r2_0_UBJ', '20130630_113544_r2_5_RVR', '20130701_110651_r2_3_KUE', '20130703_114806_r2_3_VOC', '20130703_214213_r2_3_LRC', '20130704_111859_r2_3_UEM', '20130707_113121_r2_7_IOH', '20130708_110243_r2_6_MXX', '20130710_114357_r2_0_BFY', '20130710_213803_r2_0_MKN', '20130711_111450_r2_0_HDT', '20130712_222022_r2_0_KCA', '20130713_115626_r2_1_EKR', '20130713_215050_r2_0_FRC', '20130714_112722_r2_0_PMI', '20130716_220251_r2_5_FPM', '20130717_113949_r2_4_ELO', '20130717_213404_r2_4_MCU', '20130718_111038_r2_4_NRN', '20130719_221537_r2_5_KZS', '20130720_115220_r2_5_EQN', '20130720_214704_r2_4_UIH', '20130721_112307_r2_4_KPE']"
WTW,"['20130414_221733_r2_5_WTW', '20130417_123216_r2_7_BNS', '20130420_124535_r2_5_YVT', '20130421_121609_r2_5_YZO', '20130421_221331_r2_9_NGS', '20130423_125721_r2_6_VCV', '20130424_122805_r2_6_WBK', '20130427_124113_r2_5_CVD', '20130427_223844_r2_4_QUX', '20130428_220941_r2_4_CLE', '20130501_122413_r2_10_IVN', '20130504_223435_r2_4_RRH', '20130505_120750_r2_4_DDM', '20130505_220535_r2_3_SVU', '20130508_122002_r2_3_BDJ', '20130511_223046_r2_0_HDJ', '20130512_120402_r2_0_JTC', '20130512_220124_r2_0_NXY', '20130515_121555_r2_0_UDN', '20130518_222627_r2_0_UAZ', '20130519_115955_r2_0_OVY', '20130519_215651_r2_0_TYL', '20130522_121144_r2_0_UDP', '20130526_115531_r2_5_PHC', '20130526_215155_r2_5_DXY', '20130529_120738_r2_7_RYR', '20130601_121949_r2_5_LDW', '20130601_221659_r2_5_VXM', '20130602_115109_r2_4_DSM', '20130602_214826_r2_4_VOT', '20130608_121611_r2_5_HOH', '20130608_221328_r2_5_TVT', '20130609_114700_r2_5_TZH', '20130609_214353_r2_5_MZT', '20130611_222529_r2_6_KOV', '20130615_121208_r2_7_RGP', '20130615_220844_r2_6_YYV', '20130616_114253_r2_7_LFU', '20130616_213945_r2_6_FPU', '20130618_122450_r2_6_YLL', '20130621_123724_r2_6_EGS', '20130622_120814_r2_6_VBJ', '20130622_220538_r2_0_HWZ', '20130623_113840_r2_0_IOU', '20130623_213517_r2_1_WUU', '20130625_122040_r2_2_WOR', '20130626_115128_r2_1_QZV', '20130628_123309_r2_1_WXU', '20130629_120345_r2_1_VCP', '20130630_113429_r2_0_HPP', '20130630_213210_r2_1_RTO', '20130701_124516_r2_1_TDD', '20130701_224225_r2_2_WSC', '20130702_121604_r2_1_DDH', '20130702_221305_r2_2_KMA', '20130703_114652_r2_0_HHY', '20130703_214445_r2_0_EOF', '20130704_125742_r2_0_NOL', '20130705_122840_r2_2_GUU', '20130705_222541_r2_3_BBS', '20130706_115925_r2_1_VIK', '20130706_215622_r2_1_ANH', '20130707_212740_r2_1_KHB', '20130708_124104_r2_4_WMB', '20130708_223818_r2_3_UCL', '20130710_114242_r2_1_HJO', '20130710_214036_r2_0_FDJ', '20130711_125336_r2_0_PKC', '20130712_122430_r2_4_RWJ', '20130712_222137_r2_5_SOO', '20130713_115511_r2_2_KOI', '20130713_215205_r2_2_EYX', '20130714_212331_r2_1_WBT', '20130715_123702_r2_1_YFS', '20130715_223455_r2_0_ZKL', '20130716_120748_r2_0_VGN', '20130716_220524_r2_0_SZI', '20130717_113835_r2_0_DLL', '20130717_213518_r2_0_RFO', '20130718_124930_r2_3_QMA', '20130718_224725_r2_2_MMY', '20130719_122021_r2_2_YWR', '20130719_221806_r2_2_VIT', '20130720_115106_r2_1_VXY', '20130720_214819_r2_1_IUV', '20130722_123251_r2_4_NPS', '20130722_223027_r2_4_HXV', '20130723_120338_r2_4_FDE', '20130723_220124_r2_4_HBL', '20130724_113421_r2_2_YON', '20130724_213108_r2_0_PAD', '20130725_124521_r2_3_VXT', '20130725_224318_r2_1_FTQ', '20130726_121613_r2_1_SEL', '20130726_221339_r2_1_CEQ', '20130727_114654_r2_1_XEK', '20130727_214339_r2_0_YZT', '20130728_125755_r2_3_RCT', '20130729_122840_r2_5_KBA', '20130729_222618_r2_5_GKY', '20130730_115927_r2_4_KNI', '20130730_215719_r2_3_JZA', '20130731_212710_r2_4_OOM', '20130801_124139_r2_3_VOK', '20130801_223809_r2_4_SVD', '20130802_121218_r2_4_YRW', '20130802_220921_r2_3_WGJ', '20130803_114305_r2_2_PUS', '20130803_214004_r2_2_DTS', '20130804_125407_r2_2_ROD', '20130805_122446_r2_4_UYO', '20130805_222146_r2_5_DFP', '20130806_115545_r2_3_RCU', '20130806_215232_r2_3_GZA', '20130807_212323_r2_10_QZA', '20130808_123727_r2_2_ZRB', '20130808_223443_r2_2_POJ', '20130809_120811_r2_2_GKJ', '20130809_220508_r2_2_MOU', '20130810_113814_r2_2_BOP', '20130810_213554_r2_2_WGP']"
IYI,"['20130525_222120_r2_6_IYI', '20130526_115531_r2_6_EUL']"
EXR,"['20130714_212427_r2_2_EXR', '20130717_213633_r2_8_SUF', '20130725_210322_r2_11_EKZ', '20130727_214454_r2_10_RHY', '20130728_211528_r2_8_QHT', '20130801_124025_r2_8_CNR', '20130801_205833_r2_8_HVO', '20130802_121104_r2_9_FWV', '20130802_220921_r2_13_QFJ', '20130803_114150_r2_6_SXZ', '20130803_214004_r2_12_JIY', '20130804_125253_r2_7_UEC', '20130804_211135_r2_9_WNW', '20130805_122332_r2_8_TUM', '20130805_222146_r2_9_BRP', '20130806_115430_r2_3_PRR', '20130806_215232_r2_8_THI', '20130807_130523_r2_0_VDG', '20130807_212323_r2_1_GNW', '20130808_123612_r2_0_XGN', '20130808_205438_r2_0_DUD', '20130809_120657_r2_1_XKK', '20130809_220508_r2_6_SHE', '20130810_113814_r2_6_HBA', '20130810_213554_r2_6_EBW', '20130811_124819_r2_0_YMJ', '20130811_210730_r2_3_VEE', '20130812_221745_r2_7_FSP', '20130813_115007_r2_1_HFF', '20130813_214826_r2_7_ZDQ', '20130814_130113_r2_4_WBK', '20130814_211914_r2_4_WKJ', '20130815_123200_r2_5_RJN', '20130815_205051_r2_4_LPM', '20130816_120239_r2_4_CSM', '20130816_220058_r2_9_HCP', '20130817_113327_r2_3_IZA', '20130817_213145_r2_8_QCU', '20130818_124411_r2_4_XIF', '20130818_210244_r2_5_ZAL', '20130819_121507_r2_4_TUS', '20130819_221331_r2_9_QLD', '20130820_114559_r2_2_XGD', '20130820_214415_r2_8_DND', '20130821_125714_r2_7_UDP', '20130821_211504_r2_1_XFS', '20130822_204618_r2_43_UYF', '20130823_115830_r2_4_GPQ', '20130823_215647_r2_9_CLW', '20130824_112921_r2_4_YWN', '20130824_130957_r2_0_RCD', '20130824_212734_r2_0_TRL', '20130825_124026_r2_1_HYG', '20130825_205838_r2_1_MGN', '20130826_121106_r2_1_UHY', '20130826_220920_r2_6_HQG', '20130827_114148_r2_0_FTX', '20130827_214006_r2_6_BZP', '20130828_125253_r2_1_SHK', '20130828_211055_r2_1_KMZ', '20130829_122340_r2_1_UVR', '20130829_204210_r2_1_ADS', '20130829_222151_r2_0_ATO', '20130830_115424_r2_0_WGF', '20130830_215252_r2_6_BYW', '20130831_130527_r2_5_YEJ', '20130831_212417_r2_8_MVZ', '20130901_123545_r2_8_ZPT', '20130902_120706_r2_8_SWX']"
UYW,"['20130830_115653_r2_2_UYW', '20130831_230242_r2_0_OJN']"
UZN,['20121117_223416_r2_4_UZN']
LDY,"['20130105_220308_r2_14_LDY', '20130106_114013_r2_6_NBE', '20130106_213356_r2_6_OKJ', '20130107_111108_r2_6_QTZ', '20130113_113551_r2_6_XAA', '20130113_213031_r2_1_RLW', '20130114_110652_r2_1_PHS', '20130120_113156_r2_4_RRL', '20130121_110245_r2_1_JBB', '20130122_220814_r2_1_DMN', '20130124_111457_r2_4_INE', '20130126_115609_r2_4_RRQ', '20130126_215126_r2_4_IUE', '20130127_112718_r2_4_RBS', '20130202_115202_r2_4_DQR', '20130210_111858_r2_6_DUE', '20130216_114403_r2_5_WIK', '20130216_213818_r2_5_IUA', '20130217_111503_r2_5_KRX', '20130224_111038_r2_8_QAZ', '20130302_113540_r2_5_MYT', '20130302_212956_r2_2_ONF', '20130303_110646_r2_2_YAZ', '20130309_113134_r2_2_RRO', '20130310_110239_r2_9_CJR', '20130316_112720_r2_3_XUR', '20130321_221629_r2_4_ECX', '20130323_112310_r2_4_TCT', '20130324_222908_r2_4_SGG', '20130328_221220_r2_4_ERP', '20130330_111923_r2_4_DWT', '20130331_222437_r2_4_WRW', '20130405_213802_r2_7_LQC', '20130406_111505_r2_11_NMJ', '20130407_222028_r2_4_AEZ', '20130413_111102_r2_11_EKI', '20130414_221618_r2_5_UUG', '20130420_110648_r2_5_KRO', '20130421_221217_r2_4_APT', '20130427_110235_r2_8_JDW', '20130428_220711_r2_7_IOC', '20130505_220305_r2_8_PTB', '20130511_222850_r2_4_VGW', '20130512_215857_r2_4_VFN', '20130513_212941_r2_1_SRU', '20130518_222439_r2_1_SNB', '20130519_215535_r2_0_TXM', '20130523_213856_r2_0_OFK', '20130525_222005_r2_4_IKY', '20130526_115646_r2_4_KFY', '20130526_215038_r2_4_HZG', '20130601_221549_r2_7_KQD', '20130602_115224_r2_4_SLC', '20130602_214711_r2_4_CRL', '20130603_112307_r2_4_DOJ', '20130606_212956_r2_4_HJN', '20130607_110651_r2_2_CLZ', '20130608_221210_r2_1_SBL', '20130609_114815_r2_1_FXM', '20130609_214239_r2_1_AXQ', '20130610_111922_r2_1_SUE', '20130614_110243_r2_10_CLI', '20130615_220711_r2_9_NPJ', '20130616_114408_r2_1_XAZ', '20130616_213830_r2_3_QRR', '20130617_111503_r2_1_NSO', '20130622_220305_r2_7_MAW', '20130623_113955_r2_2_AHF', '20130623_213402_r2_1_JTG', '20130624_111053_r2_1_HLW', '20130630_113544_r2_6_IKD', '20130701_110651_r2_4_WNO', '20130703_114806_r2_4_APV', '20130703_214213_r2_4_HBF', '20130704_111859_r2_4_GWK', '20130707_113121_r2_8_TWQ', '20130708_110243_r2_7_BHW', '20130710_114357_r2_1_AAU', '20130710_213803_r2_1_NDK', '20130711_111450_r2_1_UOZ', '20130712_222022_r2_1_HMV', '20130713_115626_r2_2_DYL', '20130713_215050_r2_1_IJW', '20130714_112722_r2_1_OUX', '20130716_220251_r2_7_UUU', '20130717_113949_r2_6_VRP', '20130717_213404_r2_5_ZTA', '20130718_111038_r2_5_BMJ', '20130719_221537_r2_6_HOP', '20130720_115220_r2_6_TMN', '20130720_214704_r2_5_OYK', '20130721_112307_r2_5_QXW', '20130723_215945_r2_4_FHA', '20130724_113536_r2_4_NNC', '20130724_213023_r2_1_APQ']"
KBI,"['20121020_125350_r2_11_KBI', '20121020_215816_r1_16_JAO', '20121021_122454_r2_5_RUT', '20121021_212910_r1_2_QOF', '20121021_222132_r2_12_APN', '20121022_115523_r2_7_HIT', '20121022_215226_r2_4_KGY']"
YCV,['20121017_124120_r2_4_YCV']
