20120918_114628_r2_14_IIJ,20120918_114628_r2_13_IBK,20120930_214216_r1_20_TYE,20120924_121223_r2_3_OCC,20121007_205054_r2_32_RCR,20121007_123255_r2_7_WOY,20121004_221755_r2_15_RXJ,20121006_220654_r1_5_IJC,20121004_212457_r1_5_NZK,20121018_121207_r2_8_PWQ,20121021_212910_r1_24_XTA,20121020_125350_r2_2_RCX,20121025_120755_r2_1_JEA,20121118_120653_r2_6_MKA,20121118_120653_r2_5_NAE,20121118_120653_r2_7_XBU,20121118_120653_r2_4_CDL,20121118_120653_r2_0_EFL,20121202_115943_r2_7_NEL,20121128_221342_r2_2_ATQ,20121128_221227_r2_3_VQT,20121128_221342_r2_0_KWQ,20121128_221227_r2_1_JQF,20121128_221342_r2_1_UAB,20121128_221227_r2_2_PZB,20121207_111516_r2_7_GXZ,20121215_221721_r2_2_FGA,20121231_111450_r2_7_JXG,20130414_221733_r2_5_WTW,20130525_222120_r2_6_IYI,20130714_212427_r2_2_EXR,20130830_115653_r2_2_UYW,20121117_223416_r2_4_UZN,20130105_220308_r2_14_LDY,20121020_125350_r2_11_KBI,20121017_124120_r2_4_YCV
20120918_214439_r2_14_GYG,20120918_214439_r2_13_OHF,20121004_212457_r1_16_KUV,20120924_220906_r2_4_AOQ,20121008_120325_r2_17_BIS,20121007_223026_r2_6_WYB,20121005_115106_r2_12_JOV,20121007_205054_r2_30_HXL,20121004_221755_r2_9_ODA,20121018_211631_r1_5_UUL,20121028_203803_r2_6_EMN,20121020_215816_r1_25_KHZ,20121027_124940_r2_13_YFP,20121125_220204_r2_5_DTN,20121125_220204_r2_4_XTI,20121125_220204_r2_6_AMI,20121125_220204_r2_3_RWB,20121125_220204_r2_0_QPO,20121202_215654_r2_5_CLC,20121129_114721_r2_2_YWH,20121129_114836_r2_3_IFJ,20121129_114721_r2_0_SOB,20121129_114836_r2_1_PHO,20121129_114721_r2_1_CUJ,20121129_114836_r2_2_RXS,20121208_222027_r2_1_ZCE,20121216_115119_r2_2_FUZ,20130105_220308_r2_13_OGS,20130417_123216_r2_7_BNS,20130526_115531_r2_6_EUL,20130717_213633_r2_8_SUF,20130831_230242_r2_0_OJN,NA,20130106_114013_r2_6_NBE,20121020_215816_r1_16_JAO,NA
20120919_211515_r2_13_NHH,20120919_211515_r2_12_ZIQ,20121004_221755_r2_18_WSK,20120925_114310_r2_2_BWF,20121009_113321_r2_15_UAC,20121008_120325_r2_6_BZU,20121006_130207_r2_6_ZIO,20121008_120325_r2_19_MTL,20121005_115106_r2_6_OMY,20121019_114250_r2_9_BKT,NA,20121021_122339_r2_16_PUS,20121028_122028_r2_13_AAY,20121202_115829_r2_5_XJQ,20121202_115829_r2_4_NFT,20121202_115829_r2_6_YQM,20121202_115829_r2_3_EBO,20121202_115829_r2_1_FQS,NA,20121201_222630_r2_2_ZAI,20121130_111923_r2_3_VOA,20121201_222630_r2_0_UAQ,20121130_111923_r2_1_FUV,20121201_222630_r2_1_EYT,20121130_111923_r2_2_VTS,20121209_115635_r2_1_YBM,20121222_121641_r2_8_LVE,20130106_114013_r2_5_FLN,20130420_124535_r2_5_YVT,NA,20130725_210322_r2_11_EKZ,NA,NA,20130106_213356_r2_6_OKJ,20121021_122454_r2_5_RUT,NA
20120920_122719_r2_66_JMM,20120920_122719_r2_65_NCK,20121006_220654_r1_19_DBX,20120925_214003_r2_3_HJL,20121014_204649_r2_52_UPW,20121010_124526_r2_0_AXU,20121006_220654_r1_11_SOU,20121009_113321_r2_13_RMI,20121006_220654_r1_1_MFM,20121019_222755_r1_6_ACM,NA,20121021_212910_r1_22_GJC,20121028_221758_r2_12_VVF,20121202_215654_r2_12_JQB,20121202_215654_r2_11_GXR,20121202_215654_r2_13_UWN,20121202_215654_r2_10_BWP,20121202_215654_r2_8_XEF,NA,20121202_115943_r2_2_AXM,20121201_222437_r2_3_MUX,20121202_115943_r2_0_TRV,20121201_222437_r2_1_QIB,20121202_115943_r2_1_CPR,20121201_222437_r2_2_DXU,20121210_112746_r2_1_IRX,20121222_221357_r2_4_BRR,20130106_213356_r2_5_SRT,20130421_121609_r2_5_YZO,NA,20130727_214454_r2_10_RHY,NA,NA,20130107_111108_r2_6_QTZ,20121021_212910_r1_2_QOF,NA
20120920_204622_r2_51_DVQ,20120920_204622_r2_50_VXI,20121007_205054_r2_36_ZJE,20120926_125407_r2_2_QVF,20121020_215816_r1_5_NCG,20121010_224255_r2_0_QXN,20121007_123255_r2_8_CUC,20121010_124526_r2_4_APE,20121007_123255_r2_1_ERA,20121020_125350_r2_8_FWJ,NA,20121022_115523_r2_2_TEJ,20121030_130208_r2_2_YQQ,20121209_215312_r2_7_PAM,20121209_215312_r2_6_EMS,20121209_215312_r2_8_JPA,20121208_222213_r2_11_UCO,20121208_222213_r2_9_QHA,NA,20121202_215654_r2_2_TWY,20121202_215539_r2_9_EVU,20121202_215654_r2_0_JXV,20121202_215539_r2_7_USX,20121202_215654_r2_1_PYA,20121202_215539_r2_8_IUF,20121214_111102_r2_1_PUF,20121229_121118_r2_6_HVZ,20130107_111108_r2_5_ZMT,20130421_221331_r2_9_NGS,NA,20130728_211528_r2_8_QHT,NA,NA,20130113_113551_r2_6_XAA,20121021_222132_r2_12_APN,NA
20120921_115804_r2_50_LZD,20120921_115804_r2_49_MSU,20121008_120325_r2_26_QER,20120926_215740_r1_0_GFM,20121021_122339_r2_10_UDK,20121011_121616_r2_10_EKA,20121007_223026_r2_7_ZRF,NA,20121007_223026_r2_1_LSO,20121020_215816_r1_19_SQJ,NA,20121024_123709_r2_4_VVW,20121030_220705_r1_2_GVG,20121216_115007_r2_5_NHO,20121215_221835_r2_4_ZOB,20121216_115007_r2_6_BOT,20121209_215312_r2_5_XZR,20121209_215312_r2_3_QEW,NA,20121203_113042_r2_2_XNG,20121203_113156_r2_3_MAA,20121203_113042_r2_0_RUS,20121203_113156_r2_1_ZWW,20121203_113042_r2_1_OXH,20121203_113156_r2_2_DFY,20121216_115233_r2_1_YGQ,20121229_220951_r2_4_OEP,20130113_113551_r2_5_PWL,20130423_125721_r2_6_VCV,NA,20130801_124025_r2_8_CNR,NA,NA,20130113_213031_r2_1_RLW,20121022_115523_r2_7_HIT,NA
20120921_215744_r2_19_UJO,20120921_215744_r2_18_MVX,20121009_113321_r2_8_ILD,20120927_122456_r2_5_WDR,20121021_212910_r1_16_HPM,20121012_114657_r2_2_KEZ,20121008_120325_r2_7_PUC,NA,20121008_120325_r2_1_APK,20121021_122454_r2_8_CKM,NA,20121025_120755_r2_4_ZWS,20121031_123259_r2_2_PKB,20121216_214909_r2_5_KRT,20121216_115007_r2_3_ZBO,20121216_214909_r2_6_BDC,20121215_221835_r2_3_DTE,20121215_221835_r2_1_TVL,NA,20121208_222213_r2_5_GNX,20121207_111516_r2_11_KDV,20121208_222213_r2_3_ISX,20121207_111516_r2_9_SWO,20121208_222213_r2_4_ICS,20121207_111516_r2_10_EWK,20121216_214632_r2_1_ZYT,20130105_220505_r2_7_OYB,20130113_213031_r2_0_NBF,20130424_122805_r2_6_WBK,NA,20130801_205833_r2_8_HVO,NA,NA,20130114_110652_r2_1_PHS,20121022_215226_r2_4_KGY,NA
20120922_130952_r2_14_DBO,20120922_130952_r2_13_UBA,20121014_204649_r2_49_AUD,20120927_222131_r2_5_YZY,20121028_221758_r2_17_WVP,20121013_125756_r2_1_HKL,20121010_124526_r2_1_EVH,NA,20121009_113436_r2_1_JXB,20121021_212910_r1_5_ZHC,NA,20121026_113838_r2_2_PHW,20121031_223020_r2_10_KQV,20121222_221357_r2_11_ZWJ,20121216_214909_r2_3_XUD,20121222_221357_r2_12_LFM,20121216_115007_r2_4_YIE,20121216_115007_r2_1_UBJ,NA,20121209_115521_r2_4_HJW,20121208_222027_r2_4_HOO,20121209_115521_r2_2_QWK,20121208_222027_r2_2_DXB,20121209_115521_r2_3_LWZ,20121208_222027_r2_3_LZI,20121222_221123_r2_2_SKJ,20130106_113858_r2_3_DHX,20130114_110652_r2_0_CZA,20130427_124113_r2_5_CVD,NA,20130802_121104_r2_9_FWV,NA,NA,20130120_113156_r2_4_RRL,NA,NA
20120922_212737_r2_13_ZUE,20120922_212737_r2_12_LZW,20121020_215816_r1_2_BAS,20120928_115539_r2_5_BDO,20121030_220705_r1_11_VJK,20121013_225526_r2_0_XTR,20121010_224255_r2_1_GJI,NA,20121009_213208_r2_0_PHJ,20121021_222132_r2_9_NND,NA,20121027_124940_r2_2_GOH,20121102_221935_r1_10_PSX,20121223_214523_r2_1_ADD,20121222_221357_r2_9_RUW,20121223_214523_r2_2_ZRJ,20121216_214909_r2_4_GLO,20121216_214909_r2_1_HPJ,NA,20121215_122042_r2_6_PHJ,20121209_115635_r2_4_GIN,20121215_122042_r2_4_HJG,20121209_115635_r2_2_ZNJ,20121215_122042_r2_5_ZFO,20121209_115635_r2_3_VAM,20121224_111902_r2_3_YDP,20130106_213629_r2_0_MUP,20130120_113156_r2_3_MTF,20130427_223844_r2_4_QUX,NA,20130802_220921_r2_13_QFJ,NA,NA,20130121_110245_r2_1_JBB,NA,NA
20120923_205859_r2_16_BHS,20120923_205859_r2_15_KOP,20121021_122339_r2_7_IRV,20120928_215218_r2_6_UKL,20121103_215024_r1_13_YPU,20121014_122841_r2_1_BXN,20121011_121616_r2_15_YTC,NA,20121010_124526_r2_15_VNF,20121022_115523_r2_10_DAY,NA,20121028_122028_r2_2_SFD,20121103_124603_r2_3_EOW,20121229_121118_r2_1_ORZ,20121223_214523_r2_0_OZC,20121229_121118_r2_2_HLV,20121222_221357_r2_10_HNI,20121222_221357_r2_7_DWB,NA,20121215_221721_r2_6_WNG,20121210_112746_r2_4_FUD,20121215_221721_r2_4_NDK,20121210_112746_r2_2_ZIJ,20121215_221721_r2_5_MUJ,20121210_112746_r2_3_FUY,NA,20130114_224226_r2_1_IIJ,20130121_110245_r2_0_UWQ,20130428_220941_r2_4_CLE,NA,20130803_114150_r2_6_SXZ,NA,NA,20130122_220814_r2_1_DMN,NA,NA
20120926_215855_r1_13_CGL,20120926_215855_r1_12_XMD,20121021_212910_r1_13_ISP,20120930_123720_r2_7_FMR,20121104_121517_r2_3_PFU,20121014_222621_r2_1_GGM,20121012_114657_r2_7_CPS,NA,20121011_121616_r2_9_NQR,20121022_215226_r2_7_BFA,NA,20121028_221758_r2_2_FXY,NA,20121229_220951_r2_1_DQZ,20121229_121118_r2_0_QZQ,20121229_220951_r2_2_ONJ,20121229_121118_r2_9_OEI,20121229_121118_r2_7_WGH,NA,20121216_115119_r2_6_CON,20121214_111102_r2_4_RLE,20121216_115119_r2_4_PCA,20121214_111102_r2_2_YOP,20121216_115119_r2_5_ZDU,20121214_111102_r2_3_KZJ,NA,20130119_215618_r2_3_BJW,20130122_220814_r2_0_OSK,20130501_122413_r2_10_IVN,NA,20130803_214004_r2_12_JIY,NA,NA,20130124_111457_r2_4_INE,NA,NA
20120930_123604_r2_8_MRS,20120930_123604_r2_7_DOJ,20121028_221758_r2_16_KQD,20120930_214101_r1_2_UBO,20121104_221404_r2_10_DVW,20121015_115929_r2_1_ESJ,20121013_125756_r2_3_WEP,NA,20121011_221406_r2_5_TRI,20121024_123709_r2_11_JMD,NA,20121029_115112_r2_3_RUT,NA,20130105_220505_r2_4_UWT,20121229_220951_r2_0_YGY,20130105_220505_r2_5_VGA,20121229_220951_r2_7_QFO,20121229_220951_r2_5_BPJ,NA,20121216_214747_r2_5_WQH,20121216_115233_r2_4_FAW,20121216_214747_r2_3_DFX,20121216_115233_r2_2_OKG,NA,20121216_115233_r2_3_VTZ,NA,20130120_212803_r2_11_KAZ,20130124_111457_r2_3_CWA,20130504_223435_r2_4_RRH,NA,20130804_125253_r2_7_UEC,NA,NA,20130126_115609_r2_4_RRQ,NA,NA
20120930_214216_r1_24_VPS,20120930_214216_r1_23_MYP,20121030_220705_r1_10_UKX,20120930_223340_r2_1_INP,20121110_124018_r2_3_MNF,20121015_215649_r2_1_APZ,20121013_225526_r2_2_JXY,NA,20121012_114657_r2_13_XFY,20121025_120755_r2_11_UIS,NA,20121030_130208_r2_1_NUG,NA,20130106_213629_r2_4_OZG,20130105_220505_r2_3_VPD,20130106_213629_r2_5_UUQ,20130105_220505_r2_10_YAS,20130105_220505_r2_8_EGJ,NA,20121222_121641_r2_5_MUB,20121216_214632_r2_4_GWY,20121222_121641_r2_3_EEI,20121216_214632_r2_2_QDD,NA,20121216_214632_r2_3_RQX,NA,20130126_115455_r2_9_MMR,20130126_115609_r2_3_AHI,20130505_120750_r2_4_DDM,NA,20130804_211135_r2_9_WNW,NA,NA,20130126_215126_r2_4_IUE,NA,NA
20121007_205054_r2_22_SKR,20121007_205054_r2_27_MEZ,20121103_215024_r1_12_UOU,20121003_215410_r1_6_VUG,20121111_121107_r2_3_JCV,20121016_221501_r1_1_MZR,20121014_122841_r2_3_HXS,NA,20121014_122841_r2_14_YKD,20121026_113838_r2_8_NOW,NA,20121030_220705_r1_1_OGE,NA,20130113_113326_r2_3_WZD,20130106_213629_r2_3_HFC,20130113_113326_r2_4_QHA,20130106_213629_r2_9_ZFA,20130106_213629_r2_7_IZD,NA,20121222_221357_r2_2_PTT,20121222_221123_r2_5_HXH,20121222_221357_r2_0_SJR,20121222_221123_r2_3_HVI,NA,20121222_221123_r2_4_NZS,NA,20130126_215241_r2_8_WHK,20130126_215126_r2_3_AFX,20130505_220535_r2_3_SVU,NA,20130805_122332_r2_8_TUM,NA,NA,20130127_112718_r2_4_RBS,NA,NA
20121009_113321_r2_3_UZK,20121009_113321_r2_5_TUE,20121104_121517_r2_2_HYI,20121003_224722_r2_5_GIY,20121111_220944_r2_12_VOW,20121017_124120_r2_5_JXR,20121014_222621_r2_3_HXT,NA,20121014_222621_r2_11_OXX,20121027_124940_r2_8_HLL,NA,20121031_123259_r2_1_YST,NA,20130119_215733_r2_1_HRV,20130113_113326_r2_2_GQC,20130119_215733_r2_2_RCI,20130113_113326_r2_8_NOV,20130113_113326_r2_6_BCU,NA,20121227_113036_r2_5_BYH,20121224_111902_r2_6_UEJ,20121227_113036_r2_3_CNB,20121224_111902_r2_4_HQN,NA,20121224_111902_r2_5_MHE,NA,20130202_115047_r2_9_RGJ,20130127_112718_r2_3_UCQ,20130508_122002_r2_3_BDJ,NA,20130805_222146_r2_9_BRP,NA,NA,20130202_115202_r2_4_DQR,NA,NA
20121014_122749_r2_3_TKD,20121014_122749_r2_4_LVO,20121104_221404_r2_9_KZJ,20121004_122025_r2_4_VKJ,20121118_120653_r2_2_RBN,20121017_214537_r1_5_HGR,20121015_115929_r2_3_CYD,NA,20121015_115929_r2_11_LDD,20121028_122028_r2_8_NLO,NA,20121031_223020_r2_11_FLD,NA,20130120_212803_r2_8_LTJ,20130119_215733_r2_0_GML,20130120_130948_r2_5_IWY,20130119_215733_r2_6_NIT,20130119_215733_r2_4_OQY,NA,20121229_121233_r2_3_DEP,20121227_113150_r2_3_BAS,20121229_121233_r2_1_GBI,20121227_113150_r2_1_BFK,NA,20121227_113150_r2_2_ESC,NA,20130204_123256_r2_2_YZX,20130202_115202_r2_3_YME,20130511_223046_r2_0_HDJ,NA,20130806_115430_r2_3_PRR,NA,NA,20130210_111858_r2_6_DUE,NA,NA
20121014_204649_r2_4_ZOV,20121014_204649_r2_5_GND,20121110_124018_r2_2_TKP,20121004_212457_r1_2_KHT,20121125_220204_r2_1_ZLN,20121018_121207_r2_10_WJH,20121015_215649_r2_3_BUQ,NA,20121015_215649_r2_7_TMJ,20121028_221758_r2_8_ODV,NA,20121102_221935_r1_11_TSY,NA,20130126_115455_r2_6_VIQ,20130120_130948_r2_0_MEN,20130120_212803_r2_5_HPD,20130120_130948_r2_4_HRJ,20130120_130948_r2_2_HXW,NA,20130105_220505_r2_14_UVX,20121230_213820_r2_3_RZJ,20130105_220505_r2_13_EIF,20121230_213820_r2_1_WGC,NA,20121230_213820_r2_2_VYP,NA,20130209_214433_r2_10_NKE,20130210_111858_r2_5_DBU,20130512_120402_r2_0_JTC,NA,20130806_215232_r2_8_THI,NA,NA,20130216_114403_r2_5_WIK,NA,NA
20121021_122339_r2_0_FJN,20121021_122339_r2_1_CGS,20121111_121107_r2_2_RKO,20121004_221755_r2_12_UIM,20121202_115829_r2_2_VOM,20121019_222755_r1_3_YWJ,20121016_221501_r1_2_FLT,NA,20121016_113021_r2_1_IFJ,20121029_115112_r2_9_BKK,NA,20121103_215024_r1_10_FMO,NA,20130126_215241_r2_5_GCO,20130120_212803_r2_0_HAP,20130126_115455_r2_5_CGX,20130120_212803_r2_4_FBX,20130120_212803_r2_2_FOT,NA,20130106_113858_r2_5_QAE,20121231_111450_r2_3_WYP,20130106_113858_r2_4_RKL,20121231_111450_r2_1_DBT,NA,20121231_111450_r2_2_KNE,NA,20130210_125753_r2_3_EYM,20130216_114403_r2_4_DGH,20130512_220124_r2_0_NXY,NA,20130807_130523_r2_0_VDG,NA,NA,20130216_213818_r2_5_IUA,NA,NA
20121021_212910_r1_9_LBW,20121021_212910_r1_10_CBI,20121111_220944_r2_11_RLE,20121005_115106_r2_9_LYZ,20121202_215654_r2_9_TBE,NA,20121017_124120_r2_13_IDH,NA,20121017_124120_r2_6_BYU,20121030_220705_r1_6_KNG,NA,20121104_121517_r2_0_WCS,NA,20130127_130546_r2_5_GQT,20130126_115455_r2_0_SQP,20130127_130546_r2_6_YJH,20130126_115455_r2_4_OBH,20130126_115455_r2_2_MTN,NA,20130106_213514_r2_4_XID,20130105_220308_r2_11_WIH,20130106_213514_r2_3_DXH,20130105_220308_r2_9_SXZ,NA,20130105_220308_r2_10_RAG,NA,20130216_114249_r2_3_XGS,20130216_213818_r2_4_WZM,20130515_121555_r2_0_UDN,NA,20130807_212323_r2_1_GNW,NA,NA,20130217_111503_r2_5_KRX,NA,NA
20121028_203803_r2_0_EWE,20121028_203803_r2_1_BQS,20121118_120653_r2_1_URW,20121006_220654_r1_3_RPK,20121208_222213_r2_10_KHU,NA,NA,NA,NA,20121031_123259_r2_5_DMM,NA,20121104_221404_r2_7_WYB,NA,20130202_115047_r2_5_PNQ,20130126_215241_r2_0_SOU,20130202_115047_r2_6_NQR,20130126_215241_r2_4_XOM,20130126_215241_r2_2_TSX,NA,20130113_113437_r2_2_PPO,20130106_114013_r2_3_OTY,20130113_113437_r2_1_YXZ,20130106_114013_r2_1_XFR,NA,20130106_114013_r2_2_VMT,NA,20130216_214040_r2_1_BLY,20130217_111503_r2_4_UEI,20130518_222627_r2_0_UAZ,NA,20130808_123612_r2_0_XGN,NA,NA,20130224_111038_r2_8_QAZ,NA,NA
20121103_215024_r1_19_OTK,20121103_215024_r1_20_TXX,20121202_115829_r2_14_UNN,20121007_123255_r2_3_JFH,20121209_215312_r2_4_ROC,NA,NA,NA,NA,20121031_213655_r1_4_GTJ,NA,20121105_114705_r2_7_YUU,NA,20130204_123212_r2_4_MOG,20130127_130546_r2_0_UGG,20130204_123212_r2_5_NCR,20130127_130546_r2_4_BKB,20130127_130546_r2_2_WRQ,NA,20130119_215618_r2_7_WPT,20130106_213356_r2_3_BYF,20130119_215618_r2_6_VIN,20130106_213356_r2_1_WMS,NA,20130106_213356_r2_2_CRR,NA,20130217_125349_r2_0_QTR,20130224_111038_r2_7_YXA,20130519_115955_r2_0_OVY,NA,20130808_205438_r2_0_DUD,NA,NA,20130302_113540_r2_5_MYT,NA,NA
20121104_121517_r2_9_BGE,20121104_121517_r2_10_MKA,NA,20121007_223026_r2_3_MDT,20121215_221835_r2_2_TGC,NA,NA,NA,NA,20121031_223020_r2_3_HBI,NA,20121110_124018_r2_0_MZN,NA,20130205_120309_r2_5_GXA,20130202_115047_r2_0_ZKK,20130205_120309_r2_6_AAJ,20130202_115047_r2_4_VIY,20130202_115047_r2_2_FLO,NA,20130120_212803_r2_13_CON,20130107_111108_r2_3_JNZ,20130120_212803_r2_12_HEH,20130107_111108_r2_1_DYQ,NA,20130107_111108_r2_2_HFI,NA,20130224_124931_r2_3_STH,20130302_113540_r2_4_ICM,20130519_215651_r2_0_TYL,NA,20130809_120657_r2_1_XKK,NA,NA,20130302_212956_r2_2_ONF,NA,NA
20121110_124018_r2_11_EMQ,20121110_124018_r2_12_GDL,NA,NA,20121216_115007_r2_2_XVK,NA,NA,NA,NA,20121102_113453_r2_2_HFH,NA,20121111_121107_r2_0_KXA,NA,20130209_214433_r2_7_JTT,20130204_123212_r2_0_IRL,20130216_214040_r2_12_UGU,20130204_123212_r2_3_AMP,20130204_123212_r2_2_TGD,NA,20130126_115455_r2_11_RAE,20130113_113551_r2_3_UXR,20130126_115455_r2_10_AMZ,20130113_113551_r2_1_RWJ,NA,20130113_113551_r2_2_WNC,NA,20130309_212717_r2_2_XBN,20130302_212956_r2_1_TDF,20130522_121144_r2_0_UDP,NA,20130809_220508_r2_6_SHE,NA,NA,20130303_110646_r2_2_YAZ,NA,NA
20121111_121107_r2_11_KGS,20121111_121107_r2_12_DAZ,NA,NA,20121216_214909_r2_2_SKQ,NA,NA,NA,NA,20121102_221935_r1_2_WBX,NA,20121111_220944_r2_9_KYB,NA,20130216_214040_r2_9_YNV,20130205_120309_r2_1_EAN,20130217_125235_r2_13_DVD,20130205_120309_r2_4_YST,20130205_120309_r2_3_URO,NA,20130126_215241_r2_10_MTB,20130114_110652_r2_4_HYD,20130126_215241_r2_9_VTS,20130114_110652_r2_2_CJX,NA,20130114_110652_r2_3_QXW,NA,20130310_124043_r2_10_ZQO,20130303_110646_r2_1_LVK,20130526_115531_r2_5_PHC,NA,20130810_113814_r2_6_HBA,NA,NA,20130309_113134_r2_2_RRO,NA,NA
20121118_120653_r2_10_OWK,20121118_120653_r2_11_ORD,NA,NA,20121222_221357_r2_8_BRG,NA,NA,NA,NA,20121103_215024_r1_5_TLC,NA,20121117_123713_r2_7_KTC,NA,20130217_125235_r2_10_HZB,20130209_214433_r2_3_UON,20130309_212832_r2_8_GEN,20130209_214433_r2_6_ANW,20130209_214433_r2_5_MQH,NA,20130202_115047_r2_11_TNM,20130119_120030_r2_2_PAW,20130202_115047_r2_10_OWL,20130119_120030_r2_0_DON,NA,20130119_120030_r2_1_SJG,NA,20130310_223843_r2_1_XDO,20130309_113134_r2_1_HXG,20130526_215155_r2_5_DXY,NA,20130810_213554_r2_6_EBW,NA,NA,20130310_110239_r2_9_CJR,NA,NA
20121125_220204_r2_8_XBW,20121125_220204_r2_9_FJO,NA,NA,20121229_121118_r2_8_PVT,NA,NA,NA,NA,20121104_121632_r2_4_ZNA,NA,20121117_223514_r2_1_MNL,NA,20130309_212832_r2_7_WSR,20130216_214040_r2_4_KGN,20130310_124043_r2_7_KLQ,20130216_214040_r2_8_TUN,20130216_214040_r2_7_VAU,NA,20130204_123256_r2_4_YTD,20130120_113156_r2_2_MYN,20130204_123256_r2_3_SIZ,20130120_113156_r2_0_UDO,NA,20130120_113156_r2_1_MZG,NA,20130312_214029_r2_1_NYW,20130310_110239_r2_8_XXW,20130529_120738_r2_7_RYR,NA,20130811_124819_r2_0_YMJ,NA,NA,20130316_112720_r2_3_XUR,NA,NA
20121202_115829_r2_8_IKR,20121202_115829_r2_9_LPW,NA,NA,20121229_220951_r2_6_RBG,NA,NA,NA,NA,20121104_221404_r2_4_WAA,NA,NA,NA,20130310_124043_r2_6_IAF,20130217_125235_r2_6_HDY,20130310_205845_r2_7_LUU,20130217_125235_r2_9_NLD,20130217_125235_r2_8_KYE,NA,20130209_214433_r2_12_UFS,20130122_220821_r2_2_JDD,20130209_214433_r2_11_SOY,20130122_220821_r2_0_PHC,NA,20130122_220821_r2_1_UFD,NA,20130314_222125_r2_1_CMJ,20130316_112720_r2_2_ZMH,20130601_121949_r2_5_LDW,NA,20130811_210730_r2_3_VEE,NA,NA,20130321_221629_r2_4_ECX,NA,NA
20121202_215654_r2_15_WVF,20121202_215654_r2_16_HQH,NA,NA,20130105_220505_r2_9_RSS,NA,NA,NA,NA,20121105_114705_r2_4_HJW,NA,NA,NA,20130310_205845_r2_6_KJW,20130309_130856_r2_5_PYN,20130312_214029_r2_10_ILL,20130309_131011_r2_2_QBB,20130309_131011_r2_3_JGW,NA,20130216_114249_r2_5_UEK,20130124_111457_r2_2_TNH,20130216_114249_r2_4_RYH,20130124_111457_r2_0_NBU,NA,20130124_111457_r2_1_ORF,NA,NA,20130321_221629_r2_3_MEA,20130601_221659_r2_5_VXM,NA,20130812_221745_r2_7_FSP,NA,NA,20130323_112310_r2_4_TCT,NA,NA
20121209_215312_r2_10_QFY,20121209_215312_r2_11_BZZ,NA,NA,20130106_213629_r2_8_HID,NA,NA,NA,NA,20121108_115948_r2_4_LOA,NA,NA,NA,20130312_214029_r2_9_APO,20130309_212832_r2_5_NNZ,20130316_130501_r2_6_ZCD,20130309_212832_r2_1_FLE,20130309_212832_r2_2_ZHN,NA,20130216_213933_r2_3_EQM,20130126_115609_r2_2_PLJ,20130216_213933_r2_2_GQO,20130126_115609_r2_0_DIP,NA,20130126_115609_r2_1_ALA,NA,NA,20130323_112310_r2_3_RRR,20130602_115109_r2_4_DSM,NA,20130813_115007_r2_1_HFF,NA,NA,20130324_222908_r2_4_SGG,NA,NA
20121216_115007_r2_8_LIX,20121216_115007_r2_9_QFA,NA,NA,20130113_113326_r2_7_CEU,NA,NA,NA,NA,NA,NA,NA,NA,20130316_130501_r2_5_QMJ,20130310_124043_r2_5_FBF,20130317_123556_r2_7_ZZY,20130310_124043_r2_1_CGC,NA,NA,20130224_124931_r2_6_QGL,20130126_215126_r2_2_XIG,20130217_125349_r2_3_YYY,20130126_215126_r2_0_ZQV,NA,20130126_215126_r2_1_JEJ,NA,NA,20130324_222908_r2_3_YMV,20130602_214826_r2_4_VOT,NA,20130813_214826_r2_7_ZDQ,NA,NA,20130328_221220_r2_4_ERP,NA,NA
20121216_214909_r2_8_ZOX,20121216_214909_r2_9_CJF,NA,NA,20130119_215733_r2_5_UJA,NA,NA,NA,NA,NA,NA,NA,NA,20130317_123556_r2_6_VRJ,20130310_205845_r2_5_AJR,20130317_205503_r2_7_EFN,20130310_205845_r2_1_ZAY,NA,NA,20130302_113425_r2_2_MFC,20130127_112718_r2_2_NIY,20130224_124931_r2_4_RKB,20130127_112718_r2_0_YKQ,NA,20130127_112718_r2_1_VQV,NA,NA,20130328_221220_r2_3_EPE,20130608_121611_r2_5_HOH,NA,20130814_130113_r2_4_WBK,NA,NA,20130330_111923_r2_4_DWT,NA,NA
20121223_214523_r2_4_SVB,20121223_214523_r2_5_LIQ,NA,NA,20130120_130948_r2_3_BND,NA,NA,NA,NA,NA,NA,NA,NA,20130317_205503_r2_6_TVF,20130312_214029_r2_8_SMH,20130323_130115_r2_7_QZA,20130312_214029_r2_5_XOL,NA,NA,20130309_113020_r2_1_ZFY,20130202_115202_r2_2_GBV,20130302_113425_r2_0_NOB,20130202_115202_r2_0_ZNM,NA,20130202_115202_r2_1_ZAF,NA,NA,20130330_111923_r2_3_QUA,20130608_221328_r2_5_TVT,NA,20130814_211914_r2_4_WKJ,NA,NA,20130331_222437_r2_4_WRW,NA,NA
20121229_121118_r2_4_YLT,20121229_121118_r2_5_TPW,NA,NA,20130120_212803_r2_3_SNM,NA,NA,NA,NA,NA,NA,NA,NA,20130323_130115_r2_6_MIL,20130316_130501_r2_4_YJG,20130324_123127_r2_4_IBK,20130316_130501_r2_1_QRB,NA,NA,20130309_212717_r2_4_ONG,20130209_214318_r2_2_CNA,20130309_113020_r2_0_KNO,20130209_214318_r2_0_ZLZ,NA,20130209_214318_r2_1_BAB,NA,NA,20130331_222437_r2_3_PTK,20130609_114700_r2_5_TZH,NA,20130815_123200_r2_5_RJN,NA,NA,20130405_213802_r2_7_LQC,NA,NA
20130105_220620_r2_0_GKP,20130105_220620_r2_1_OLT,NA,NA,20130126_115455_r2_3_WIQ,NA,NA,NA,NA,NA,NA,NA,NA,20130324_123127_r2_3_UQW,20130317_123556_r2_5_BNQ,20130324_205051_r2_7_AWL,20130317_123556_r2_2_NGB,NA,NA,20130310_124043_r2_14_NYK,20130210_111858_r2_2_UHN,20130309_212717_r2_0_NZI,20130210_111858_r2_0_ZAN,NA,20130210_111858_r2_1_PUA,NA,NA,20130405_213802_r2_5_GQF,20130609_214353_r2_5_MZT,NA,20130815_205051_r2_4_LPM,NA,NA,20130406_111505_r2_11_NMJ,NA,NA
20130106_213629_r2_1_ZNF,20130106_213629_r2_2_WZD,NA,NA,20130126_215241_r2_3_BLQ,NA,NA,NA,NA,NA,NA,NA,NA,20130324_205051_r2_6_GHN,20130317_205503_r2_5_MEZ,20130326_213204_r2_13_TLJ,20130317_205503_r2_2_OEG,NA,NA,20130310_223843_r2_5_BMQ,20130216_114403_r2_3_AJC,20130310_124043_r2_8_WPE,20130216_114403_r2_1_ECX,NA,20130216_114403_r2_2_UDY,NA,NA,20130406_111505_r2_9_UKL,20130611_222529_r2_6_KOV,NA,20130816_120239_r2_4_CSM,NA,NA,20130407_222028_r2_4_AEZ,NA,NA
20130113_113326_r2_0_QPH,20130113_113326_r2_1_ZEZ,NA,NA,20130127_130546_r2_3_KWO,NA,NA,NA,NA,NA,NA,NA,NA,20130326_213204_r2_12_WZO,20130323_130115_r2_5_QOU,20130330_125702_r2_7_BEC,20130323_130115_r2_2_NMH,NA,NA,20130312_214029_r2_13_YCV,20130216_213818_r2_3_YUW,20130310_223843_r2_0_LQL,20130216_213818_r2_1_WLN,NA,20130216_213818_r2_2_COB,NA,NA,20130407_222028_r2_3_GDK,20130615_121208_r2_7_RGP,NA,20130816_220058_r2_9_HCP,NA,NA,20130413_111102_r2_11_EKI,NA,NA
20130120_130948_r2_6_UVK,20130120_130948_r2_7_MYQ,NA,NA,NA,NA,NA,NA,NA,NA,NA,NA,NA,20130330_125702_r2_6_UNK,20130324_123127_r2_2_LSI,20130331_122758_r2_7_FMZ,20130324_123241_r2_6_XOG,NA,NA,20130314_222125_r2_5_QGI,20130217_111503_r2_3_ODR,20130312_214029_r2_0_UZP,20130217_111503_r2_1_TTT,NA,20130217_111503_r2_2_RWY,NA,NA,20130413_111102_r2_10_JBF,20130615_220844_r2_6_YYV,NA,20130817_113327_r2_3_IZA,NA,NA,20130414_221618_r2_5_UUG,NA,NA
20130120_212803_r2_6_JOY,20130120_212803_r2_7_JHL,NA,NA,NA,NA,NA,NA,NA,NA,NA,NA,NA,20130331_122758_r2_6_EKD,20130324_205051_r2_5_RBL,20130331_204641_r2_7_GSR,20130324_205051_r2_1_VEW,NA,NA,20130316_212252_r2_2_LAE,20130224_111038_r2_6_KRD,20130314_222125_r2_0_ADK,20130224_111038_r2_4_APG,NA,20130224_111038_r2_5_BUU,NA,NA,20130414_221618_r2_4_UYP,20130616_114253_r2_7_LFU,NA,20130817_213145_r2_8_QCU,NA,NA,20130420_110648_r2_5_KRO,NA,NA
20130127_130546_r2_7_SRY,20130127_130546_r2_8_FZG,NA,NA,NA,NA,NA,NA,NA,NA,NA,NA,NA,20130331_204641_r2_6_TXJ,20130326_213204_r2_11_BAI,20130403_124051_r2_11_DFS,20130326_213204_r2_7_XOB,NA,NA,20130317_123711_r2_3_UZD,20130302_113540_r2_3_SJS,20130316_212252_r2_0_FLQ,20130302_113540_r2_1_LBD,NA,20130302_113540_r2_2_GKQ,NA,NA,20130420_110648_r2_4_ZAC,20130616_213945_r2_6_FPU,NA,20130818_124411_r2_4_XIF,NA,NA,20130421_221217_r2_4_APT,NA,NA
20130204_123212_r2_8_OOQ,20130204_123212_r2_9_PSU,NA,NA,NA,NA,NA,NA,NA,NA,NA,NA,NA,20130403_124051_r2_10_LRZ,20130330_125702_r2_5_BAV,20130405_214032_r2_9_JDD,20130330_125702_r2_1_AMW,NA,NA,20130317_223434_r2_6_CUA,20130303_110646_r2_13_PHS,20130317_123711_r2_1_TWK,20130303_110646_r2_11_WNC,NA,20130303_110646_r2_12_XZS,NA,NA,20130421_221217_r2_3_ALR,20130618_122450_r2_6_YLL,NA,20130818_210244_r2_5_ZAL,NA,NA,20130427_110235_r2_8_JDW,NA,NA
20130205_120309_r2_9_YVO,20130205_120309_r2_10_QVB,NA,NA,NA,NA,NA,NA,NA,NA,NA,NA,NA,20130405_214032_r2_8_DZN,20130331_122758_r2_5_XSA,20130406_211113_r2_5_MKL,20130331_122758_r2_1_DKQ,NA,NA,20130321_221744_r2_6_IXE,20130309_113134_r2_6_COL,20130317_223434_r2_4_SYI,20130309_113134_r2_4_MSC,NA,20130309_113134_r2_5_LUP,NA,NA,20130427_110235_r2_7_YUE,20130621_123724_r2_6_EGS,NA,20130819_121507_r2_4_TUS,NA,NA,20130428_220711_r2_7_IOC,NA,NA
20130216_214040_r2_10_UFP,20130216_214040_r2_11_XNX,NA,NA,NA,NA,NA,NA,NA,NA,NA,NA,NA,20130406_211113_r2_4_MFN,20130331_204641_r2_5_ZZF,20130407_204233_r2_7_NJJ,20130331_204641_r2_1_UKK,NA,NA,20130323_211940_r2_1_YGU,20130316_112720_r2_7_FNX,20130321_221744_r2_4_QEH,20130316_112720_r2_5_KQB,NA,20130316_112720_r2_6_VGT,NA,NA,20130428_220711_r2_6_FYR,20130622_120814_r2_6_VBJ,NA,20130819_221331_r2_9_QLD,NA,NA,20130505_220305_r2_8_PTB,NA,NA
20130217_125235_r2_11_BHA,20130217_125235_r2_12_AYK,NA,NA,NA,NA,NA,NA,NA,NA,NA,NA,NA,20130407_204233_r2_6_LZV,20130403_124051_r2_9_RMD,20130409_112514_r2_3_OHW,20130403_124051_r2_7_GVR,NA,NA,20130324_123241_r2_1_RSQ,20130317_223319_r2_2_FJN,20130323_211940_r2_0_TTT,20130317_223319_r2_0_BHQ,NA,20130317_223319_r2_1_TIC,NA,NA,20130505_220305_r2_7_OCK,20130622_220538_r2_0_HWZ,NA,20130820_114559_r2_2_XGD,NA,NA,20130511_222850_r2_4_VGW,NA,NA
20130309_130856_r2_3_WIO,20130309_130856_r2_4_OMJ,NA,NA,NA,NA,NA,NA,NA,NA,NA,NA,NA,20130409_112514_r2_2_QTZ,20130405_214032_r2_7_KCG,20130409_130448_r2_2_UQX,20130405_214032_r2_5_LIH,NA,NA,20130324_223022_r2_1_HWZ,20130321_221629_r2_2_IEA,20130324_123241_r2_0_GLE,20130321_221629_r2_0_TWB,NA,20130321_221629_r2_1_ZUD,NA,NA,20130511_222850_r2_3_BVP,20130623_113840_r2_0_IOU,NA,20130820_214415_r2_8_DND,NA,NA,20130512_215857_r2_4_VFN,NA,NA
20130309_212832_r2_3_ZCD,20130309_212832_r2_4_AHR,NA,NA,NA,NA,NA,NA,NA,NA,NA,NA,NA,20130409_130448_r2_1_HER,20130406_211113_r2_3_XNO,20130411_220504_r2_11_ZBM,20130406_211113_r2_1_ZFV,NA,NA,20130326_213204_r2_1_UIL,20130323_112310_r2_2_KDE,20130324_223022_r2_0_ENS,20130323_112310_r2_0_TON,NA,20130323_112310_r2_1_DUP,NA,NA,20130512_215857_r2_3_MQY,20130623_213517_r2_1_WUU,NA,20130821_125714_r2_7_UDP,NA,NA,20130513_212941_r2_1_SRU,NA,NA
20130310_124043_r2_3_GQM,20130310_124043_r2_4_HQZ,NA,NA,NA,NA,NA,NA,NA,NA,NA,NA,NA,20130411_220504_r2_10_ELT,20130407_204233_r2_5_AHR,20130414_121915_r2_4_RMG,20130407_204233_r2_3_IOG,NA,NA,20130328_221334_r2_2_WQV,20130324_222908_r2_2_TOH,20130326_213204_r2_0_PSE,20130324_222908_r2_0_NXC,NA,20130324_222908_r2_1_FPS,NA,NA,20130513_212941_r2_0_SIE,20130625_122040_r2_2_WOR,NA,20130821_211504_r2_1_XFS,NA,NA,20130518_222439_r2_1_SNB,NA,NA
20130310_205845_r2_3_YCW,20130310_205845_r2_4_CCO,NA,NA,NA,NA,NA,NA,NA,NA,NA,NA,NA,20130414_121915_r2_3_CRW,20130409_112514_r2_1_EUQ,20130414_203826_r2_4_CXL,20130407_222225_r2_1_IUR,NA,NA,20130331_122912_r2_4_NYM,20130328_221220_r2_2_AZA,20130328_221334_r2_1_BEQ,20130328_221220_r2_0_FTP,NA,20130328_221220_r2_1_XYH,NA,NA,20130518_222439_r2_0_VGP,20130626_115128_r2_1_QZV,NA,20130822_204618_r2_43_UYF,NA,NA,20130519_215535_r2_0_TXM,NA,NA
20130312_214029_r2_6_URF,20130312_214029_r2_7_MBF,NA,NA,NA,NA,NA,NA,NA,NA,NA,NA,NA,20130414_203826_r2_3_HXF,20130409_130448_r2_0_EEI,20130416_130136_r2_2_KYZ,20130409_130603_r2_1_DVY,NA,NA,20130331_222616_r2_5_YOJ,20130330_111923_r2_2_VLM,20130331_122912_r2_3_PGI,20130330_111923_r2_0_XTN,NA,20130330_111923_r2_1_CNE,NA,NA,20130519_215535_r2_5_MEP,20130628_123309_r2_1_WXU,NA,20130823_115830_r2_4_GPQ,NA,NA,20130523_213856_r2_0_OFK,NA,NA
20130316_130501_r2_2_THH,20130316_130501_r2_3_LYD,NA,NA,NA,NA,NA,NA,NA,NA,NA,NA,NA,20130416_130136_r2_1_YVT,20130411_220504_r2_9_FKP,20130417_123216_r2_2_VXW,20130411_220504_r2_8_CIQ,NA,NA,20130403_124051_r2_4_DQF,20130331_222437_r2_2_NEC,20130331_222616_r2_4_PTL,20130331_222437_r2_0_RHR,NA,20130331_222437_r2_1_HHK,NA,NA,20130523_213856_r2_4_CPM,20130629_120345_r2_1_VCP,NA,20130823_215647_r2_9_CLW,NA,NA,20130525_222005_r2_4_IKY,NA,NA
20130317_123556_r2_3_HIX,20130317_123556_r2_4_DED,NA,NA,NA,NA,NA,NA,NA,NA,NA,NA,NA,20130417_123216_r2_1_JNN,20130414_121915_r2_2_UWF,20130420_124421_r2_2_EFO,20130416_130136_r2_6_GLZ,NA,NA,20130404_121155_r2_5_AWP,20130405_213802_r2_6_BFZ,20130403_124051_r2_3_LIN,20130405_213802_r2_3_YLQ,NA,20130405_213802_r2_4_BAI,NA,NA,20130525_222005_r2_3_VTL,20130630_113429_r2_0_HPP,NA,20130824_112921_r2_4_YWN,NA,NA,20130526_115646_r2_4_KFY,NA,NA
20130317_205503_r2_3_NMO,20130317_205503_r2_4_BZR,NA,NA,NA,NA,NA,NA,NA,NA,NA,NA,NA,20130420_124421_r2_1_SKA,20130414_203826_r2_2_NST,20130421_121505_r2_2_OLZ,20130417_123216_r2_6_UUA,NA,NA,20130405_214032_r2_3_JPD,20130406_111505_r2_10_EUJ,20130404_121155_r2_4_GMB,20130406_111505_r2_7_MNW,NA,20130406_111505_r2_8_HRZ,NA,NA,20130526_115646_r2_3_IMN,20130630_213210_r2_1_RTO,NA,20130824_130957_r2_0_RCD,NA,NA,20130526_215038_r2_4_HZG,NA,NA
20130323_130115_r2_3_LCH,20130323_130115_r2_4_YGU,NA,NA,NA,NA,NA,NA,NA,NA,NA,NA,NA,20130421_121505_r2_1_IFS,20130414_221851_r2_0_HGA,20130421_203409_r2_2_CFX,20130420_124421_r2_6_SSM,NA,NA,20130407_222110_r2_5_VXC,20130407_222028_r2_2_FNH,20130405_214032_r2_2_UQS,20130407_222028_r2_0_FJA,NA,20130407_222028_r2_1_ZFV,NA,NA,20130526_215038_r2_3_YLO,20130701_124516_r2_1_TDD,NA,20130824_212734_r2_0_TRL,NA,NA,20130601_221549_r2_7_KQD,NA,NA
20130324_123127_r2_0_OFL,20130324_123127_r2_1_BSA,NA,NA,NA,NA,NA,NA,NA,NA,NA,NA,NA,20130421_203409_r2_1_FNR,20130416_130136_r2_0_BTM,20130421_221331_r2_2_GPV,20130421_121505_r2_6_CWZ,NA,NA,20130410_123658_r2_6_HWZ,20130413_111102_r2_9_EGW,20130407_222110_r2_4_RKF,20130413_111102_r2_7_VBU,NA,20130413_111102_r2_8_IMO,NA,NA,20130601_221549_r2_6_UHW,20130701_224225_r2_2_WSC,NA,20130825_124026_r2_1_HYG,NA,NA,20130602_115224_r2_4_SLC,NA,NA
20130324_205051_r2_3_LDQ,20130324_205051_r2_4_WIC,NA,NA,NA,NA,NA,NA,NA,NA,NA,NA,NA,20130421_221331_r2_1_JAX,20130417_123216_r2_0_SZS,20130423_125721_r2_2_BXF,20130421_221331_r2_13_OTK,NA,NA,20130411_220504_r2_6_AWT,20130414_221618_r2_3_ABE,20130410_123658_r2_5_YSI,20130414_221618_r2_1_LKQ,NA,20130414_221618_r2_2_CZX,NA,NA,20130602_115224_r2_3_BHQ,20130702_121604_r2_1_DDH,NA,20130825_205838_r2_1_MGN,NA,NA,20130602_214711_r2_4_CRL,NA,NA
20130326_213204_r2_9_PQR,20130326_213204_r2_10_ORV,NA,NA,NA,NA,NA,NA,NA,NA,NA,NA,NA,20130423_125721_r2_1_IRC,20130420_124421_r2_0_FLG,20130424_122805_r2_2_HIR,20130423_125721_r2_5_FKH,NA,NA,20130414_122016_r2_6_XZF,20130420_110648_r2_3_LGN,20130411_220504_r2_5_ZNM,20130420_110648_r2_1_GBE,NA,20130420_110648_r2_2_PCJ,NA,NA,20130602_214711_r2_3_GDE,20130702_221305_r2_2_KMA,NA,20130826_121106_r2_1_UHY,NA,NA,20130603_112307_r2_4_DOJ,NA,NA
20130330_125702_r2_3_MNT,20130330_125702_r2_4_IJD,NA,NA,NA,NA,NA,NA,NA,NA,NA,NA,NA,20130424_122805_r2_1_UWL,20130421_121505_r2_0_ECA,20130427_123958_r2_2_QES,20130424_122805_r2_5_QTI,NA,NA,20130414_221733_r2_7_JTL,20130421_221217_r2_2_JMI,20130414_122016_r2_5_XRE,20130421_221217_r2_0_ZCT,NA,20130421_221217_r2_1_AVB,NA,NA,20130603_112307_r2_3_XPH,20130703_114652_r2_0_HHY,NA,20130826_220920_r2_6_HQG,NA,NA,20130606_212956_r2_4_HJN,NA,NA
20130331_122758_r2_3_BYX,20130331_122758_r2_4_XUH,NA,NA,NA,NA,NA,NA,NA,NA,NA,NA,NA,20130427_123958_r2_1_BZM,20130421_203409_r2_0_YNL,20130428_203006_r2_4_RML,20130427_123958_r2_5_HUS,NA,NA,20130417_123216_r2_9_CGP,20130428_220711_r2_11_HQL,20130414_221733_r2_6_KJY,20130428_220711_r2_9_DJZ,NA,20130428_220711_r2_10_OXH,NA,NA,20130606_212956_r2_3_STQ,20130703_214445_r2_0_EOF,NA,20130827_114148_r2_0_FTX,NA,NA,20130607_110651_r2_2_CLZ,NA,NA
20130331_204641_r2_3_QPM,20130331_204641_r2_4_ABX,NA,NA,NA,NA,NA,NA,NA,NA,NA,NA,NA,20130428_203006_r2_3_DYJ,20130421_221331_r2_0_YLJ,20130428_221021_r2_2_QUB,20130428_221021_r2_5_XXQ,NA,NA,20130420_124535_r2_7_EOI,20130504_223320_r2_3_VRE,20130417_123216_r2_8_POK,20130504_223320_r2_1_PHE,NA,20130504_223320_r2_2_SKK,NA,NA,20130607_110651_r2_1_EQD,20130704_125742_r2_0_NOL,NA,20130827_214006_r2_6_BZP,NA,NA,20130608_221210_r2_1_SBL,NA,NA
20130403_123937_r2_0_QRR,20130403_123937_r2_1_RBW,NA,NA,NA,NA,NA,NA,NA,NA,NA,NA,NA,20130428_221021_r2_1_GRP,20130423_125721_r2_0_MKB,20130501_122413_r2_2_AWY,20130501_122413_r2_5_SQL,NA,NA,20130421_121609_r2_7_CKB,20130505_220305_r2_2_EUQ,20130420_124535_r2_6_TVJ,20130505_220305_r2_0_DKE,NA,20130505_220305_r2_1_FPD,NA,NA,20130608_221210_r2_0_ALB,20130705_122840_r2_2_GUU,NA,20130828_125253_r2_1_SHK,NA,NA,20130609_114815_r2_1_FXM,NA,NA
20130405_214032_r2_10_VEE,20130405_214032_r2_11_QQG,NA,NA,NA,NA,NA,NA,NA,NA,NA,NA,NA,20130501_122413_r2_1_AMU,20130424_122805_r2_0_FEE,20130505_120654_r2_2_ONF,20130505_120654_r2_5_RZW,NA,NA,20130421_221331_r2_11_AJC,20130511_222850_r2_2_QWJ,20130421_121609_r2_6_FCV,20130511_222850_r2_0_RCQ,NA,20130511_222850_r2_1_NTV,NA,NA,20130609_114815_r2_0_LVH,20130705_222541_r2_3_BBS,NA,20130828_211055_r2_1_KMZ,NA,NA,20130609_214239_r2_1_AXQ,NA,NA
20130406_211113_r2_6_IHD,20130406_211113_r2_7_TFD,NA,NA,NA,NA,NA,NA,NA,NA,NA,NA,NA,20130505_120654_r2_1_ESN,20130427_123958_r2_0_LIU,20130505_220535_r2_8_RAJ,20130505_220535_r2_11_OAW,NA,NA,20130424_122805_r2_10_BUH,20130512_120520_r2_0_MEP,20130421_221331_r2_10_JOL,20130512_120520_r2_1_MHI,NA,20130512_120520_r2_2_SKA,NA,NA,20130609_214239_r2_0_QLR,20130706_115925_r2_1_VIK,NA,20130829_122340_r2_1_UVR,NA,NA,20130610_111922_r2_1_SUE,NA,NA
20130407_204233_r2_8_PSL,20130407_204233_r2_9_PIA,NA,NA,NA,NA,NA,NA,NA,NA,NA,NA,NA,20130505_220535_r2_7_VLE,20130428_203006_r2_2_CPZ,20130508_122002_r2_8_VJM,20130508_122002_r2_11_QMY,NA,NA,20130427_124113_r2_7_LFZ,20130512_215857_r2_2_GPG,20130424_122805_r2_9_ISY,20130512_215857_r2_0_KOW,NA,20130512_215857_r2_1_MKT,NA,NA,20130610_111922_r2_0_OPQ,20130706_215622_r2_1_ANH,NA,20130829_204210_r2_1_ADS,NA,NA,20130614_110243_r2_10_CLI,NA,NA
20130409_112514_r2_4_OEU,20130409_112514_r2_5_BVA,NA,NA,NA,NA,NA,NA,NA,NA,NA,NA,NA,20130508_122002_r2_7_BEE,20130428_221021_r2_0_VFR,20130512_120247_r2_6_DGG,20130512_120247_r2_9_XZI,NA,NA,20130427_223844_r2_6_RXI,20130518_222439_r2_4_SCJ,20130427_124113_r2_6_SLK,20130518_222439_r2_2_ZKW,NA,20130518_222439_r2_3_CHN,NA,NA,20130614_110243_r2_9_SUB,20130707_212740_r2_1_KHB,NA,20130829_222151_r2_0_ATO,NA,NA,20130615_220711_r2_9_NPJ,NA,NA
20130409_130448_r2_3_ITA,20130409_130448_r2_4_JQD,NA,NA,NA,NA,NA,NA,NA,NA,NA,NA,NA,20130512_120247_r2_5_FFK,20130501_122413_r2_0_SBT,20130512_220124_r2_10_VXF,20130512_220124_r2_13_BDB,NA,NA,20130428_220941_r2_6_YPH,20130519_120109_r2_2_BAY,20130427_223844_r2_5_GZQ,20130519_120109_r2_0_TJA,NA,20130519_120109_r2_1_PPV,NA,NA,20130615_220711_r2_8_TWJ,20130708_124104_r2_4_WMB,NA,20130830_115424_r2_0_WGF,NA,NA,20130616_114408_r2_1_XAZ,NA,NA
20130411_220618_r2_0_TJR,20130411_220618_r2_1_BVQ,NA,NA,NA,NA,NA,NA,NA,NA,NA,NA,NA,20130512_220124_r2_9_ZKJ,20130505_120654_r2_0_YZR,20130515_121555_r2_8_EBL,20130515_121555_r2_11_SDX,NA,NA,20130501_122413_r2_12_TUM,20130519_215535_r2_3_EGE,20130428_220941_r2_5_USW,20130519_215535_r2_1_DEN,NA,20130519_215535_r2_2_MDI,NA,NA,20130616_114408_r2_0_NII,20130708_223818_r2_3_UCL,NA,20130830_215252_r2_6_BYW,NA,NA,20130616_213830_r2_3_QRR,NA,NA
20130414_121915_r2_0_DEK,20130414_121915_r2_1_NMU,NA,NA,NA,NA,NA,NA,NA,NA,NA,NA,NA,20130515_121555_r2_7_XQW,20130505_220535_r2_6_GZG,20130519_115840_r2_4_FYS,20130518_222627_r2_5_UYC,NA,NA,20130504_223435_r2_6_QHG,20130523_213856_r2_3_ZTO,20130501_122413_r2_11_QKK,20130523_213856_r2_1_TPS,NA,20130523_213856_r2_2_OAI,NA,NA,20130616_213830_r2_2_MZG,20130710_114242_r2_1_HJO,NA,20130831_130527_r2_5_YEJ,NA,NA,20130617_111503_r2_1_NSO,NA,NA
20130414_203826_r2_0_RCA,20130414_203826_r2_1_VAG,NA,NA,NA,NA,NA,NA,NA,NA,NA,NA,NA,20130519_115840_r2_3_EOA,20130508_122002_r2_6_VVD,20130519_215651_r2_9_WZV,20130519_115840_r2_1_NLY,NA,NA,20130505_120750_r2_6_YQF,20130525_222005_r2_2_MVP,20130504_223435_r2_5_BXJ,20130525_222005_r2_0_SRY,NA,20130525_222005_r2_1_FIK,NA,NA,20130617_111503_r2_0_ADF,20130710_214036_r2_0_FDJ,NA,20130831_212417_r2_8_MVZ,NA,NA,20130622_220305_r2_7_MAW,NA,NA
20130416_130136_r2_3_EHG,20130416_130136_r2_4_ZLW,NA,NA,NA,NA,NA,NA,NA,NA,NA,NA,NA,20130519_215651_r2_8_BPZ,20130512_120247_r2_4_RMC,20130522_121029_r2_0_UZX,20130519_215651_r2_6_EBD,NA,NA,20130505_220535_r2_5_LAE,20130526_115646_r2_2_FWW,20130505_120750_r2_5_VXD,20130526_115646_r2_0_LDU,NA,20130526_115646_r2_1_FQQ,NA,NA,20130622_220305_r2_6_HGU,20130711_125336_r2_0_PKC,NA,20130901_123545_r2_8_ZPT,NA,NA,20130623_113955_r2_2_AHF,NA,NA
20130417_123216_r2_3_SXF,20130417_123216_r2_4_TUA,NA,NA,NA,NA,NA,NA,NA,NA,NA,NA,NA,20130522_121144_r2_8_LHC,20130512_220124_r2_8_IIG,20130526_115422_r2_10_DHY,20130522_121144_r2_6_ZEG,NA,NA,20130508_122002_r2_5_PJT,20130526_215038_r2_2_FTS,20130505_220535_r2_4_LZB,20130526_215038_r2_0_FIQ,NA,20130526_215038_r2_1_OVO,NA,NA,20130623_113955_r2_1_AGS,20130712_122430_r2_4_RWJ,NA,20130902_120706_r2_8_SWX,NA,NA,20130623_213402_r2_1_JTG,NA,NA
20130420_124421_r2_3_SFD,20130420_124421_r2_4_SSP,NA,NA,NA,NA,NA,NA,NA,NA,NA,NA,NA,20130526_115422_r2_3_RVI,20130515_121555_r2_6_SSF,20130526_215310_r2_7_OLS,20130525_222229_r2_1_ZLA,NA,NA,20130511_222931_r2_5_PPS,20130601_221549_r2_5_SFG,20130508_122002_r2_4_NSE,20130601_221549_r2_3_PSC,NA,20130601_221549_r2_4_JTX,NA,NA,20130623_213402_r2_0_LSV,20130712_222137_r2_5_SOO,NA,NA,NA,NA,20130624_111053_r2_1_HLW,NA,NA
20130421_121505_r2_3_LBD,20130421_121505_r2_4_ZLE,NA,NA,NA,NA,NA,NA,NA,NA,NA,NA,NA,20130526_215310_r2_3_GKX,20130519_115840_r2_2_DKP,20130529_120623_r2_4_QQI,20130526_115422_r2_1_JOQ,NA,NA,20130512_120402_r2_6_JZL,20130602_115224_r2_2_PDQ,20130511_222931_r2_4_QIT,20130602_115224_r2_0_WUX,NA,20130602_115224_r2_1_JPD,NA,NA,20130624_111053_r2_0_UBJ,20130713_115511_r2_2_KOI,NA,NA,NA,NA,20130630_113544_r2_6_IKD,NA,NA
20130421_203409_r2_3_RBU,20130421_203409_r2_4_ZLR,NA,NA,NA,NA,NA,NA,NA,NA,NA,NA,NA,20130529_120623_r2_1_YCS,20130519_215651_r2_7_VHV,20130601_121949_r2_10_UBB,20130526_215310_r2_1_QVV,NA,NA,20130512_220124_r2_5_EZI,20130602_214711_r2_2_YKQ,20130512_120402_r2_5_XLH,20130602_214711_r2_0_MWZ,NA,20130602_214711_r2_1_ZEV,NA,NA,20130630_113544_r2_5_RVR,20130713_215205_r2_2_EYX,NA,NA,NA,NA,20130701_110651_r2_4_WNO,NA,NA
20130423_125721_r2_7_DXA,20130423_125721_r2_8_ALW,NA,NA,NA,NA,NA,NA,NA,NA,NA,NA,NA,20130601_121949_r2_7_NEN,20130522_121144_r2_7_ALH,20130602_115011_r2_4_GNX,20130529_120738_r2_1_HZZ,NA,NA,20130515_121555_r2_5_EIS,20130603_112307_r2_2_NWM,20130512_220124_r2_4_HNO,20130603_112307_r2_0_GMI,NA,20130603_112307_r2_1_ABA,NA,NA,20130701_110651_r2_3_KUE,20130714_212331_r2_1_WBT,NA,NA,NA,NA,20130703_114806_r2_4_APV,NA,NA
20130424_122805_r2_7_JMQ,20130424_122805_r2_8_QVP,NA,NA,NA,NA,NA,NA,NA,NA,NA,NA,NA,20130602_115011_r2_3_ZCT,20130526_115422_r2_2_NNX,20130602_214908_r2_4_PBF,20130601_121949_r2_1_QTC,NA,NA,20130518_222627_r2_3_SWT,20130607_110651_r2_5_QSH,20130515_121555_r2_4_TXD,20130607_110651_r2_3_PRQ,NA,20130607_110651_r2_4_WJD,NA,NA,20130703_114806_r2_3_VOC,20130715_123702_r2_1_YFS,NA,NA,NA,NA,20130703_214213_r2_4_HBF,NA,NA
20130427_123958_r2_6_NMC,20130427_123958_r2_7_YOK,NA,NA,NA,NA,NA,NA,NA,NA,NA,NA,NA,20130602_214908_r2_3_IJY,20130526_215310_r2_2_WCL,20130608_221328_r2_13_OVA,20130601_221814_r2_1_JWD,NA,NA,20130519_115955_r2_2_UWK,20130608_221210_r2_4_HNS,20130518_222627_r2_2_EWB,20130608_221210_r2_2_PTB,NA,20130608_221210_r2_3_QBX,NA,NA,20130703_214213_r2_3_LRC,20130715_223455_r2_0_ZKL,NA,NA,NA,NA,20130704_111859_r2_4_GWK,NA,NA
20130428_203006_r2_5_ILD,20130428_203006_r2_6_LDO,NA,NA,NA,NA,NA,NA,NA,NA,NA,NA,NA,20130608_221328_r2_12_MZR,20130529_120623_r2_0_GPE,20130609_114600_r2_4_NNA,20130602_115011_r2_0_HYI,NA,NA,20130519_215651_r2_1_TCE,20130609_114815_r2_4_AEZ,20130519_115955_r2_1_TDQ,20130609_114815_r2_2_MHC,NA,20130609_114815_r2_3_XDY,NA,NA,20130704_111859_r2_3_UEM,20130716_120748_r2_0_VGN,NA,NA,NA,NA,20130707_113121_r2_8_TWQ,NA,NA
20130501_122259_r2_2_AKI,20130501_122259_r2_3_OQD,NA,NA,NA,NA,NA,NA,NA,NA,NA,NA,NA,20130609_114600_r2_3_KIH,20130601_121949_r2_6_GUA,20130609_214508_r2_5_ZBD,20130602_214908_r2_0_KCF,NA,NA,20130522_121144_r2_1_ADS,20130609_214239_r2_4_RUJ,20130519_215651_r2_15_QRN,20130609_214239_r2_2_WBG,NA,20130609_214239_r2_3_EIR,NA,NA,20130707_113121_r2_7_IOH,20130716_220524_r2_0_SZI,NA,NA,NA,NA,20130708_110243_r2_7_BHW,NA,NA
20130505_120654_r2_6_SKX,20130505_120654_r2_7_ZKZ,NA,NA,NA,NA,NA,NA,NA,NA,NA,NA,NA,20130609_214508_r2_4_BHB,20130601_221814_r2_2_JKM,20130610_211512_r2_4_INQ,20130608_221328_r2_9_CJR,NA,NA,20130525_222120_r2_4_SFL,20130610_111922_r2_4_OGJ,20130522_121144_r2_12_NNN,20130610_111922_r2_2_QFD,NA,20130610_111922_r2_3_HTK,NA,NA,20130708_110243_r2_6_MXX,20130717_113835_r2_0_DLL,NA,NA,NA,NA,20130710_114357_r2_1_AAU,NA,NA
20130505_220535_r2_12_JHI,20130505_220535_r2_13_NPX,NA,NA,NA,NA,NA,NA,NA,NA,NA,NA,NA,20130610_211512_r2_3_REG,20130602_115011_r2_1_VKG,20130615_220959_r2_5_OKQ,20130609_114600_r2_0_MSJ,NA,NA,20130526_115531_r2_3_IVN,20130615_220711_r2_13_BTM,20130525_222120_r2_7_OTK,20130615_220711_r2_11_NNK,NA,20130615_220711_r2_12_EWO,NA,NA,20130710_114357_r2_0_BFY,20130717_213518_r2_0_RFO,NA,NA,NA,NA,20130710_213803_r2_1_NDK,NA,NA
20130508_121847_r2_0_XVS,20130508_121847_r2_1_AYC,NA,NA,NA,NA,NA,NA,NA,NA,NA,NA,NA,20130615_220959_r2_4_RKY,20130602_214908_r2_1_ZXR,20130616_214050_r2_4_OBZ,20130609_214508_r2_1_GSM,NA,NA,20130526_215155_r2_3_XRW,20130616_114408_r2_5_RDH,20130526_115531_r2_7_CNU,20130616_114408_r2_3_GWA,NA,20130616_114408_r2_4_URT,NA,NA,20130710_213803_r2_0_MKN,20130718_124930_r2_3_QMA,NA,NA,NA,NA,20130711_111450_r2_1_UOZ,NA,NA
20130512_120247_r2_0_VKX,20130512_120247_r2_1_PKA,NA,NA,NA,NA,NA,NA,NA,NA,NA,NA,NA,20130616_214050_r2_3_WMQ,20130608_221328_r2_10_MGH,20130622_220538_r2_7_QTD,20130610_211512_r2_0_BFA,NA,NA,20130529_120738_r2_5_PFA,20130616_213830_r2_7_FDS,20130526_215155_r2_7_BXV,20130616_213830_r2_5_QFJ,NA,20130616_213830_r2_6_GAB,NA,NA,20130711_111450_r2_0_HDT,20130718_224725_r2_2_MMY,NA,NA,NA,NA,20130712_222022_r2_1_HMV,NA,NA
20130512_202140_r2_0_DXW,20130512_202140_r2_1_LEJ,NA,NA,NA,NA,NA,NA,NA,NA,NA,NA,NA,20130622_220538_r2_6_ZHU,20130609_114600_r2_1_DXO,20130623_213636_r2_6_IJF,20130611_222644_r2_0_MZW,NA,NA,20130601_121949_r2_4_ZTE,20130617_111503_r2_4_PXK,NA,20130617_111503_r2_2_FIS,NA,20130617_111503_r2_3_SEQ,NA,NA,20130712_222022_r2_0_KCA,20130719_122021_r2_2_YWR,NA,NA,NA,NA,20130713_115626_r2_2_DYL,NA,NA
20130512_220124_r2_6_EEF,20130512_220124_r2_7_NDY,NA,NA,NA,NA,NA,NA,NA,NA,NA,NA,NA,20130623_213636_r2_5_RGA,20130609_214508_r2_2_RMB,20130630_213210_r2_11_JFJ,20130615_220959_r2_1_BHE,NA,NA,20130601_221659_r2_4_LXL,20130622_220305_r2_10_SWZ,NA,20130622_220305_r2_8_UMH,NA,20130622_220305_r2_9_XIA,NA,NA,20130713_115626_r2_1_EKR,20130719_221806_r2_2_VIT,NA,NA,NA,NA,20130713_215050_r2_1_IJW,NA,NA
20130515_121440_r2_0_JCK,20130515_121440_r2_1_XJU,NA,NA,NA,NA,NA,NA,NA,NA,NA,NA,NA,20130630_213210_r2_10_SKP,20130610_211512_r2_1_NJG,20130701_210242_r2_4_QJD,20130616_214050_r2_0_UVH,NA,NA,20130602_115109_r2_3_PBZ,20130623_113955_r2_5_CBA,NA,20130623_113955_r2_3_PTY,NA,20130623_113955_r2_4_PPE,NA,NA,20130713_215050_r2_0_FRC,20130720_115106_r2_1_VXY,NA,NA,NA,NA,20130714_112722_r2_1_OUX,NA,NA
20130519_115840_r2_6_DJB,20130519_115840_r2_7_CNO,NA,NA,NA,NA,NA,NA,NA,NA,NA,NA,NA,20130701_210242_r2_3_QFX,20130615_220959_r2_2_AJG,20130702_221420_r2_4_JEH,20130622_220538_r2_3_LPF,NA,NA,20130602_214826_r2_3_KLQ,20130623_213402_r2_4_ZSN,NA,20130623_213402_r2_2_PUE,NA,20130623_213402_r2_3_OQU,NA,NA,20130714_112722_r2_0_PMI,20130720_214819_r2_1_IUV,NA,NA,NA,NA,20130716_220251_r2_7_UUU,NA,NA
20130519_201732_r2_0_EUF,20130519_201732_r2_1_NDD,NA,NA,NA,NA,NA,NA,NA,NA,NA,NA,NA,20130702_221420_r2_3_XLI,20130616_214050_r2_1_UYZ,20130704_211543_r2_4_ZQC,20130623_213636_r2_2_FRE,NA,NA,20130608_121611_r2_4_QHJ,20130624_111053_r2_4_GVP,NA,20130624_111053_r2_2_OHK,NA,20130624_111053_r2_3_KML,NA,NA,20130716_220251_r2_5_FPM,20130722_123251_r2_4_NPS,NA,NA,NA,NA,20130717_113949_r2_6_VRP,NA,NA
20130519_215651_r2_11_GJH,20130519_215651_r2_12_JNZ,NA,NA,NA,NA,NA,NA,NA,NA,NA,NA,NA,20130703_214445_r2_7_YGQ,20130622_220538_r2_4_EEJ,20130706_215737_r2_4_HBT,20130630_213210_r2_7_VSE,NA,NA,20130608_221328_r2_4_RGQ,20130629_120459_r2_0_KMG,NA,20130629_120459_r2_1_RVJ,NA,20130629_120459_r2_2_ZJV,NA,NA,20130717_113949_r2_4_ELO,20130722_223027_r2_4_HXV,NA,NA,NA,NA,20130717_213404_r2_5_ZTA,NA,NA
20130522_121029_r2_1_VBK,20130522_121029_r2_2_JPI,NA,NA,NA,NA,NA,NA,NA,NA,NA,NA,NA,20130704_125742_r2_6_YBX,20130623_213636_r2_3_CNW,20130707_212832_r2_5_XLF,20130701_124516_r2_7_SXZ,NA,NA,20130609_114700_r2_4_SSA,20130630_113544_r2_0_AYJ,NA,20130630_113544_r2_1_HUN,NA,20130630_113544_r2_2_JPQ,NA,NA,20130717_213404_r2_4_MCU,20130723_120338_r2_4_FDE,NA,NA,NA,NA,20130718_111038_r2_5_BMJ,NA,NA
20130526_115422_r2_5_RZQ,20130526_115422_r2_6_XME,NA,NA,NA,NA,NA,NA,NA,NA,NA,NA,NA,20130704_211543_r2_3_YPM,20130630_213210_r2_8_GSC,20130708_205850_r2_4_ZVX,20130701_210242_r2_0_ATJ,NA,NA,20130609_214353_r2_4_WFA,20130701_110651_r2_2_ENP,NA,20130701_110651_r2_0_QOM,NA,20130701_110651_r2_1_XVS,NA,NA,20130718_111038_r2_4_NRN,20130723_220124_r2_4_HBL,NA,NA,NA,NA,20130719_221537_r2_6_HOP,NA,NA
20130526_201322_r2_0_OXG,20130526_201322_r2_1_BIZ,NA,NA,NA,NA,NA,NA,NA,NA,NA,NA,NA,20130706_215737_r2_3_RNM,20130701_210242_r2_2_FIM,NA,20130702_121604_r2_7_NME,NA,NA,20130611_222529_r2_5_BZQ,20130703_114806_r2_2_LLD,NA,20130703_114806_r2_0_RDB,NA,20130703_114806_r2_1_DAJ,NA,NA,20130719_221537_r2_5_KZS,20130724_113421_r2_2_YON,NA,NA,NA,NA,20130720_115220_r2_6_TMN,NA,NA
20130526_215310_r2_5_EPY,20130526_215310_r2_6_YQX,NA,NA,NA,NA,NA,NA,NA,NA,NA,NA,NA,20130707_212832_r2_4_CVY,20130702_221420_r2_2_DSG,NA,20130702_221420_r2_0_DFN,NA,NA,20130613_113037_r2_0_BQL,20130703_214213_r2_2_VMT,NA,20130703_214213_r2_0_JEQ,NA,20130703_214213_r2_1_IDA,NA,NA,20130720_115220_r2_5_EQN,20130724_213108_r2_0_PAD,NA,NA,NA,NA,20130720_214704_r2_5_OYK,NA,NA
20130529_120623_r2_2_UVI,20130529_120623_r2_3_AHW,NA,NA,NA,NA,NA,NA,NA,NA,NA,NA,NA,20130708_205850_r2_3_APN,20130703_214445_r2_6_XIT,NA,20130703_214445_r2_4_AGK,NA,NA,20130615_121208_r2_0_SLN,20130704_111859_r2_2_GSC,NA,20130704_111859_r2_0_QZC,NA,20130704_111859_r2_1_LNZ,NA,NA,20130720_214704_r2_4_UIH,20130725_124521_r2_3_VXT,NA,NA,NA,NA,20130721_112307_r2_5_QXW,NA,NA
20130601_121949_r2_8_KLJ,20130601_121949_r2_9_RLU,NA,NA,NA,NA,NA,NA,NA,NA,NA,NA,NA,NA,20130704_125742_r2_5_ORQ,NA,20130704_125742_r2_3_NDH,NA,NA,20130615_220844_r2_0_ILL,20130706_120040_r2_3_NLO,NA,20130706_120040_r2_1_TIG,NA,20130706_120040_r2_2_LHO,NA,NA,20130721_112307_r2_4_KPE,20130725_224318_r2_1_FTQ,NA,NA,NA,NA,20130723_215945_r2_4_FHA,NA,NA
20130602_115011_r2_5_VEX,20130602_115011_r2_6_JMM,NA,NA,NA,NA,NA,NA,NA,NA,NA,NA,NA,NA,20130704_211543_r2_2_ZLO,NA,20130704_211543_r2_0_DRE,NA,NA,20130616_114253_r2_1_NIL,20130706_215536_r2_2_QZG,NA,20130706_215536_r2_0_LVZ,NA,20130706_215536_r2_1_REE,NA,NA,NA,20130726_121613_r2_1_SEL,NA,NA,NA,NA,20130724_113536_r2_4_NNC,NA,NA
20130602_214908_r2_5_VLM,20130602_214908_r2_6_XQE,NA,NA,NA,NA,NA,NA,NA,NA,NA,NA,NA,NA,20130706_215737_r2_2_UGM,NA,20130705_222656_r2_0_ZDW,NA,NA,20130616_213945_r2_0_XDS,20130707_113121_r2_2_MNQ,NA,20130707_113121_r2_0_QFH,NA,20130707_113121_r2_1_XTO,NA,NA,NA,20130726_221339_r2_1_CEQ,NA,NA,NA,NA,20130724_213023_r2_1_APQ,NA,NA
20130609_114600_r2_5_AIV,20130609_114600_r2_6_GCB,NA,NA,NA,NA,NA,NA,NA,NA,NA,NA,NA,NA,20130707_212832_r2_3_ALG,NA,20130706_215737_r2_0_CHE,NA,NA,20130618_122450_r2_0_WYD,20130710_114357_r2_6_QGL,NA,NA,NA,NA,NA,NA,NA,20130727_114654_r2_1_XEK,NA,NA,NA,NA,NA,NA,NA
20130609_214508_r2_6_CBC,20130609_214508_r2_7_QGA,NA,NA,NA,NA,NA,NA,NA,NA,NA,NA,NA,NA,20130708_205850_r2_2_QXS,NA,20130707_212832_r2_1_MAG,NA,NA,20130621_123724_r2_0_ZYC,20130710_213803_r2_5_GVO,NA,NA,NA,NA,NA,NA,NA,20130727_214339_r2_0_YZT,NA,NA,NA,NA,NA,NA,NA
20130610_211512_r2_5_DZI,20130610_211512_r2_6_BTI,NA,NA,NA,NA,NA,NA,NA,NA,NA,NA,NA,NA,NA,NA,20130708_124104_r2_1_JLO,NA,NA,20130622_120814_r2_0_WYY,20130711_111450_r2_5_OIR,NA,NA,NA,NA,NA,NA,NA,20130728_125755_r2_3_RCT,NA,NA,NA,NA,NA,NA,NA
20130616_214050_r2_6_JBW,20130616_214050_r2_7_YHW,NA,NA,NA,NA,NA,NA,NA,NA,NA,NA,NA,NA,NA,NA,20130708_205850_r2_0_LTP,NA,NA,20130622_220423_r2_0_HAB,20130712_222022_r2_5_EBQ,NA,NA,NA,NA,NA,NA,NA,20130729_122840_r2_5_KBA,NA,NA,NA,NA,NA,NA,NA
20130622_220538_r2_8_HHJ,20130622_220538_r2_9_AOG,NA,NA,NA,NA,NA,NA,NA,NA,NA,NA,NA,NA,NA,NA,20130710_214036_r2_3_FFS,NA,NA,20130623_113840_r2_2_GRT,20130713_115626_r2_6_PYP,NA,NA,NA,NA,NA,NA,NA,20130729_222618_r2_5_GKY,NA,NA,NA,NA,NA,NA,NA
20130623_213636_r2_7_LZY,20130623_213636_r2_8_YYU,NA,NA,NA,NA,NA,NA,NA,NA,NA,NA,NA,NA,NA,NA,NA,NA,NA,20130623_213517_r2_2_PLW,20130713_215050_r2_5_RRI,NA,NA,NA,NA,NA,NA,NA,20130730_115927_r2_4_KNI,NA,NA,NA,NA,NA,NA,NA
20130630_213210_r2_12_VRF,20130630_213210_r2_13_AML,NA,NA,NA,NA,NA,NA,NA,NA,NA,NA,NA,NA,NA,NA,NA,NA,NA,20130625_122040_r2_3_RDY,20130714_112722_r2_5_XUC,NA,NA,NA,NA,NA,NA,NA,20130730_215719_r2_3_JZA,NA,NA,NA,NA,NA,NA,NA
20130706_215737_r2_5_EWG,20130706_215737_r2_6_PST,NA,NA,NA,NA,NA,NA,NA,NA,NA,NA,NA,NA,NA,NA,NA,NA,NA,20130626_115128_r2_2_ZWD,20130716_220410_r2_4_NTR,NA,NA,NA,NA,NA,NA,NA,20130731_212710_r2_4_OOM,NA,NA,NA,NA,NA,NA,NA
20130707_212832_r2_6_QDG,20130707_212832_r2_7_THV,NA,NA,NA,NA,NA,NA,NA,NA,NA,NA,NA,NA,NA,NA,NA,NA,NA,NA,20130717_113949_r2_3_JCN,NA,NA,NA,NA,NA,NA,NA,20130801_124139_r2_3_VOK,NA,NA,NA,NA,NA,NA,NA
NA,NA,NA,NA,NA,NA,NA,NA,NA,NA,NA,NA,NA,NA,NA,NA,NA,NA,NA,NA,20130717_213404_r2_3_XVG,NA,NA,NA,NA,NA,NA,NA,20130801_223809_r2_4_SVD,NA,NA,NA,NA,NA,NA,NA
NA,NA,NA,NA,NA,NA,NA,NA,NA,NA,NA,NA,NA,NA,NA,NA,NA,NA,NA,NA,20130718_111038_r2_3_WMG,NA,NA,NA,NA,NA,NA,NA,20130802_121218_r2_4_YRW,NA,NA,NA,NA,NA,NA,NA
NA,NA,NA,NA,NA,NA,NA,NA,NA,NA,NA,NA,NA,NA,NA,NA,NA,NA,NA,NA,20130719_221537_r2_4_XVL,NA,NA,NA,NA,NA,NA,NA,20130802_220921_r2_3_WGJ,NA,NA,NA,NA,NA,NA,NA
NA,NA,NA,NA,NA,NA,NA,NA,NA,NA,NA,NA,NA,NA,NA,NA,NA,NA,NA,NA,20130720_115220_r2_4_VPD,NA,NA,NA,NA,NA,NA,NA,20130803_114305_r2_2_PUS,NA,NA,NA,NA,NA,NA,NA
NA,NA,NA,NA,NA,NA,NA,NA,NA,NA,NA,NA,NA,NA,NA,NA,NA,NA,NA,NA,20130720_214704_r2_3_GOH,NA,NA,NA,NA,NA,NA,NA,20130803_214004_r2_2_DTS,NA,NA,NA,NA,NA,NA,NA
NA,NA,NA,NA,NA,NA,NA,NA,NA,NA,NA,NA,NA,NA,NA,NA,NA,NA,NA,NA,20130721_112307_r2_3_NGY,NA,NA,NA,NA,NA,NA,NA,20130804_125407_r2_2_ROD,NA,NA,NA,NA,NA,NA,NA
NA,NA,NA,NA,NA,NA,NA,NA,NA,NA,NA,NA,NA,NA,NA,NA,NA,NA,NA,NA,20130722_222913_r2_4_VFP,NA,NA,NA,NA,NA,NA,NA,20130805_122446_r2_4_UYO,NA,NA,NA,NA,NA,NA,NA
NA,NA,NA,NA,NA,NA,NA,NA,NA,NA,NA,NA,NA,NA,NA,NA,NA,NA,NA,NA,20130723_120437_r2_3_ZQN,NA,NA,NA,NA,NA,NA,NA,20130805_222146_r2_5_DFP,NA,NA,NA,NA,NA,NA,NA
NA,NA,NA,NA,NA,NA,NA,NA,NA,NA,NA,NA,NA,NA,NA,NA,NA,NA,NA,NA,20130723_215945_r2_2_STV,NA,NA,NA,NA,NA,NA,NA,20130806_115545_r2_3_RCU,NA,NA,NA,NA,NA,NA,NA
NA,NA,NA,NA,NA,NA,NA,NA,NA,NA,NA,NA,NA,NA,NA,NA,NA,NA,NA,NA,20130724_113536_r2_2_LPJ,NA,NA,NA,NA,NA,NA,NA,20130806_215232_r2_3_GZA,NA,NA,NA,NA,NA,NA,NA
NA,NA,NA,NA,NA,NA,NA,NA,NA,NA,NA,NA,NA,NA,NA,NA,NA,NA,NA,NA,20130725_110650_r2_7_LDJ,NA,NA,NA,NA,NA,NA,NA,20130807_212323_r2_10_QZA,NA,NA,NA,NA,NA,NA,NA
NA,NA,NA,NA,NA,NA,NA,NA,NA,NA,NA,NA,NA,NA,NA,NA,NA,NA,NA,NA,NA,NA,NA,NA,NA,NA,NA,NA,20130808_123727_r2_2_ZRB,NA,NA,NA,NA,NA,NA,NA
NA,NA,NA,NA,NA,NA,NA,NA,NA,NA,NA,NA,NA,NA,NA,NA,NA,NA,NA,NA,NA,NA,NA,NA,NA,NA,NA,NA,20130808_223443_r2_2_POJ,NA,NA,NA,NA,NA,NA,NA
NA,NA,NA,NA,NA,NA,NA,NA,NA,NA,NA,NA,NA,NA,NA,NA,NA,NA,NA,NA,NA,NA,NA,NA,NA,NA,NA,NA,20130809_120811_r2_2_GKJ,NA,NA,NA,NA,NA,NA,NA
NA,NA,NA,NA,NA,NA,NA,NA,NA,NA,NA,NA,NA,NA,NA,NA,NA,NA,NA,NA,NA,NA,NA,NA,NA,NA,NA,NA,20130809_220508_r2_2_MOU,NA,NA,NA,NA,NA,NA,NA
NA,NA,NA,NA,NA,NA,NA,NA,NA,NA,NA,NA,NA,NA,NA,NA,NA,NA,NA,NA,NA,NA,NA,NA,NA,NA,NA,NA,20130810_113814_r2_2_BOP,NA,NA,NA,NA,NA,NA,NA
NA,NA,NA,NA,NA,NA,NA,NA,NA,NA,NA,NA,NA,NA,NA,NA,NA,NA,NA,NA,NA,NA,NA,NA,NA,NA,NA,NA,20130810_213554_r2_2_WGP,NA,NA,NA,NA,NA,NA,NA
